hCoV-19/England/ALDP-1184DFA/2021_EPI_ISL_990783_2021-01-25|Alpha_(B.1.1.7)  
hCoV-19/Scotland/QEUH-11CC41F/2021_EPI_ISL_989546_2021-02-01|Alpha_(B.1.1.7) 
hCoV-19/England/MILK-D1ABF6/2020_EPI_ISL_799842_2020-12-21|Alpha_(B.1.1.7)   
hCoV-19/England/CAMC-10A4609/2021_EPI_ISL_891390_2021-01-17|Alpha_(B.1.1.7)  
hCoV-19/England/MILK-11A51CA/2021_EPI_ISL_957950_2021-01-28|Alpha_(B.1.1.7)  
hCoV-19/England/MILK-11A35DF/2021_EPI_ISL_958859_2021-01-28|Alpha_(B.1.1.7)  
hCoV-19/England/MILK-E78C4D/2021_EPI_ISL_811373_2021-01-02|Alpha_(B.1.1.7)   
hCoV-19/England/ALDP-CED261/2020_EPI_ISL_781901_2020-12-17|Alpha_(B.1.1.7)   
hCoV-19/England/ALDP-1184DBE/2021_EPI_ISL_990747_2021-01-25|Alpha_(B.1.1.7)  
hCoV-19/England/ALDP-D3FAC1/2020_EPI_ISL_798622_2020-12-27|Alpha_(B.1.1.7)   
hCoV-19/England/ALDP-C58182/2020_EPI_ISL_736179_2020-12-13|Alpha_(B.1.1.7)   
hCoV-19/England/ALDP-EE2938/2021_EPI_ISL_834960_2021-01-02|Alpha_(B.1.1.7)   
hCoV-19/England/QEUH-10E6FC4/2021_EPI_ISL_908451_2021-01-21|Alpha_(B.1.1.7)  
hCoV-19/England/ALDP-1145BBF/2021_EPI_ISL_948594_2021-01-22|Alpha_(B.1.1.7)  
hCoV-19/England/ALDP-114FD46/2021_EPI_ISL_947949_2021-01-22|Alpha_(B.1.1.7)  
hCoV-19/Spain/IB-IBV-99016832/2021_EPI_ISL_959433_2021-01-29|Alpha_(B.1.1.7) 
hCoV-19/England/CAMC-C754C2/2020_EPI_ISL_769037_2020-12-15|Alpha_(B.1.1.7)   
hCoV-19/England/MILK-DAFE39/2020_EPI_ISL_797173_2020-12-29|Alpha_(B.1.1.7)   
hCoV-19/England/MILK-11C57E0/2021_EPI_ISL_958018_2021-01-28|Alpha_(B.1.1.7)  
hCoV-19/England/TFCI-26FD055/2020_EPI_ISL_842405_2020-12-12|Alpha_(B.1.1.7)  
hCoV-19/England/ALDP-1184343/2021_EPI_ISL_990750_2021-01-26|Alpha_(B.1.1.7)  
hCoV-19/Belgium/AZDelta2103-24276/2021_EPI_ISL_911262_2021-01|Alpha_(B.1.1.7)
hCoV-19/England/ALDP-115D1FE/2021_EPI_ISL_937695_2021-01-25|Alpha_(B.1.1.7)  
hCoV-19/Denmark/DCGC-14596/2020_EPI_ISL_711232_2020-11-23|Alpha_(B.1.1.7)    
hCoV-19/England/MILK-118D91B/2021_EPI_ISL_958442_2021-01-26|Alpha_(B.1.1.7)  
hCoV-19/England/ALDP-C8863F/2020_EPI_ISL_762625_2020-12-16|Alpha_(B.1.1.7)   
hCoV-19/England/ALDP-118A9D2/2021_EPI_ISL_946512_2021-01-26|Alpha_(B.1.1.7)  
hCoV-19/England/CAMC-10C041C/2021_EPI_ISL_908853_2021-01-19|Alpha_(B.1.1.7)  
hCoV-19/England/MILK-1089707/2021_EPI_ISL_909020_2021-01-15|Alpha_(B.1.1.7)  
hCoV-19/Wales/PHWC-4B89BD/2021_EPI_ISL_867470_2021-01-14|Alpha_(B.1.1.7)     
hCoV-19/England/MILK-EC6E0E/2021_EPI_ISL_835882_2021-01-03|Alpha_(B.1.1.7)
hCoV-19/Israel/CVL-1656/2021_EPI_ISL_944319_2021-01-05|Alpha_(B.1.1.7)
hCoV-19/England/MILK-C625C5/2020_EPI_ISL_735625_2020-12-13|Alpha_(B.1.1.7)
hCoV-19/England/CAMC-CB887C/2020_EPI_ISL_777677_2020-12-18|Alpha_(B.1.1.7)
hCoV-19/England/CAMC-106283E/2021_EPI_ISL_878974_2021-01-16|Alpha_(B.1.1.7)
hCoV-19/England/CAMC-C98502/2020_EPI_ISL_777640_2020-12-18|Alpha_(B.1.1.7)
hCoV-19/England/ALDP-101359F/2021_EPI_ISL_916739_2021-01-12|Alpha_(B.1.1.7)
hCoV-19/England/ALDP-CE2114/2020_EPI_ISL_799749_2020-12-19|Alpha_(B.1.1.7)
hCoV-19/England/MILK-E0BB06/2020_EPI_ISL_812025_2020-12-30|Alpha_(B.1.1.7)
hCoV-19/Switzerland/VS-33142576/2021_EPI_ISL_981652_2021-01-28|Alpha_(B.1.1.7)        
hCoV-19/Denmark/DCGC-33623/2021_EPI_ISL_870633_2021-01-11|Alpha_(B.1.1.7)
hCoV-19/England/ALDP-11833F9/2021_EPI_ISL_991146_2021-01-25|Alpha_(B.1.1.7)
hCoV-19/England/PORT-2E5421/2021_EPI_ISL_868242_2021-01-16|Alpha_(B.1.1.7)
hCoV-19/England/CAMB-1BB944/2020_EPI_ISL_679165_2020-11-18|Alpha_(B.1.1.7)
hCoV-19/England/ALDP-10F95AE/2021_EPI_ISL_917559_2021-01-22|Alpha_(B.1.1.7)
hCoV-19/England/LOND-1288250/2020_EPI_ISL_843074_2020-12-12|Alpha_(B.1.1.7)
hCoV-19/England/MILK-F6DCC2/2021_EPI_ISL_945262_2021-01-04|Alpha_(B.1.1.7)
hCoV-19/England/ALDP-11B0092/2021_EPI_ISL_956501_2021-01-29|Alpha_(B.1.1.7)
hCoV-19/England/ALDP-119D63F/2021_EPI_ISL_945612_2021-01-27|Alpha_(B.1.1.7)
hCoV-19/England/MILK-10D5C2B/2021_EPI_ISL_909540_2021-01-18|Alpha_(B.1.1.7)
hCoV-19/Philippines/PH-PGC-13018/2021_EPI_ISL_2188268_2021-03-13|Beta_(B.1.351)       
hCoV-19/England/MILK-11A2AFF/2021_EPI_ISL_958838_2021-01-28|Beta_(B.1.351)
hCoV-19/Sweden/1919549164/2021_EPI_ISL_2255388_2021-03-18|Beta_(B.1.351)
hCoV-19/USA/MI-CDC-STM-000048438/2021_EPI_ISL_1679584_2021-04-01|Beta_(B.1.351)       
hCoV-19/Canada/MB-NML-17756/2021_EPI_ISL_1594094_2021-02-14|Beta_(B.1.351)
hCoV-19/Netherlands/ZH-RIVM-12189/2021_EPI_ISL_1013801_2021-02-04|Beta_(B.1.351)      
hCoV-19/France/IDF-SLS762104052661/2021_EPI_ISL_2374029_2021-04-15|Beta_(B.1.351)     
hCoV-19/Finland/THL-202110297/2021_EPI_ISL_2506916_2021-03-17|Beta_(B.1.351)
hCoV-19/Sweden/10063024/2021_EPI_ISL_2206654_2021-04-26|Beta_(B.1.351)
hCoV-19/Turkey/HSGM-8306/2021_EPI_ISL_1403753_2021-03-03|Beta_(B.1.351)
hCoV-19/Canada/BC-BCCDC-35445/2020_EPI_ISL_2498265_2020-12-21|Beta_(B.1.351)
hCoV-19/Sweden/1919579764/2021_EPI_ISL_2218860_2021-03-12|Beta_(B.1.351)
hCoV-19/France/BFC-HMN-21032240672/2021_EPI_ISL_1754951_2021-03-10|Beta_(B.1.351)     
hCoV-19/Luxembourg/LNS7815003/2021_EPI_ISL_1523258_2021-03-05|Beta_(B.1.351)
hCoV-19/Netherlands/NB-RIVM-15726/2021_EPI_ISL_1232401_2021-02-22|Beta_(B.1.351)      
hCoV-19/Belgium/Jessa_55-2106-000218/2021_EPI_ISL_995536_2021-02-08|Beta_(B.1.351)    
hCoV-19/Germany/BW-RKI-I-147577/2021_EPI_ISL_2259534_2021-04-25|Beta_(B.1.351)        
hCoV-19/Malaysia/IMR_WC75452/2021_EPI_ISL_1263540_2021-02-01|Beta_(B.1.351)
hCoV-19/Netherlands/ZH-RIVM-15793/2021_EPI_ISL_1232468_2021-02-18|Beta_(B.1.351)      
hCoV-19/South_Africa/VIDA-KRISP-CP157800458/2020_EPI_ISL_1132702_2020-11-30|Beta_(B.1.351)
hCoV-19/Switzerland/SG-CLM-03104648/2021_EPI_ISL_1594323_2021-03-09|Beta_(B.1.351)    
hCoV-19/Sweden/20273369P/2021_EPI_ISL_2418225_2021-05-18|Beta_(B.1.351)
hCoV-19/Germany/HH-HPI-p5199/2021_EPI_ISL_1716166_2021-03-15|Beta_(B.1.351)
hCoV-19/Zambia/RC-060/2021_EPI_ISL_2625632_2021-01-04|Beta_(B.1.351)
hCoV-19/South_Africa/NICD-N2339/2020_EPI_ISL_2662478_2020-12-28|Beta_(B.1.351)        
hCoV-19/Luxembourg/LNS0154122/2021_EPI_ISL_1384468_2021-02-26|Beta_(B.1.351)
hCoV-19/Philippines/PH-PGC-21803/2021_EPI_ISL_2859991_2021-03-29|Beta_(B.1.351)       
hCoV-19/Germany/BY-RKI-I-065343/2021_EPI_ISL_1570446_2021-02-26|Beta_(B.1.351)        
hCoV-19/France/IDF-IPP04906/2021_EPI_ISL_1262987_2021-03-01|Beta_(B.1.351)
hCoV-19/Sweden/1908199964/2021_EPI_ISL_2216389_2021-02-26|Beta_(B.1.351)
hCoV-19/Finland/THL-202112151/2021_EPI_ISL_2507943_2021-04-09|Beta_(B.1.351)
hCoV-19/Portugal/PT2276/2021_EPI_ISL_861709_2021-01-06|Beta_(B.1.351)
hCoV-19/Finland/6097/2021_EPI_ISL_2609036_2021-04-15|Beta_(B.1.351)
hCoV-19/Sweden/SE00194035/2021_EPI_ISL_1199149_2021-01-27|Beta_(B.1.351)
hCoV-19/Belgium/ULG-13381/2021_EPI_ISL_1492690_2021-03-17|Beta_(B.1.351)
hCoV-19/Luxembourg/LNS8804464/2021_EPI_ISL_1523238_2021-03-22|Beta_(B.1.351)
hCoV-19/Luxembourg/LNS5421917/2021_EPI_ISL_1916864_2021-04-12|Beta_(B.1.351)
hCoV-19/Sweden/3941312163/2021_EPI_ISL_2221314_2021-03-22|Beta_(B.1.351)
hCoV-19/Germany/un-RKI-I-085550/2021_EPI_ISL_1722730_2021-03-29|Beta_(B.1.351)        
hCoV-19/USA/OH-CDC-QDX23132523/2021_EPI_ISL_1552135_2021-03-18|Beta_(B.1.351)
hCoV-19/Sweden/SE00204064/2021_EPI_ISL_1198360_2021-02-01|Beta_(B.1.351)
hCoV-19/Belgium/UZA-UA-47891144/2021_EPI_ISL_1591215_2021-03-31|Beta_(B.1.351)        
hCoV-19/Norway/4577/2021_EPI_ISL_1317634_2021-02-21|Beta_(B.1.351)
hCoV-19/Sweden/DC109878231/2021_EPI_ISL_2207734_2021-04-17|Beta_(B.1.351)
hCoV-19/Denmark/DCGC-97353/2021_EPI_ISL_2177240_2021-04-19|Beta_(B.1.351)
hCoV-19/South_Africa/NICD-N5587/2021_EPI_ISL_2454651_2021-04-19|Beta_(B.1.351)        
hCoV-19/Zambia/ZMB-89114/2021_EPI_ISL_2803454_2021-02-15|Beta_(B.1.351)
hCoV-19/Sweden/2594455491/2021_EPI_ISL_1831892_2021-02-08|Beta_(B.1.351)
hCoV-19/USA/PA-CDC-STM-000056626/2021_EPI_ISL_1907566_2021-04-14|Beta_(B.1.351)       
hCoV-19/Finland/5922/2021_EPI_ISL_2609324_2021-04-06|Beta_(B.1.351)
hCoV-19/Georgia/Tb-SNGS130/2021_EPI_ISL_2319007_2021-05-15|Delta_(B.1.617.2+AY.1+AY.2)
hCoV-19/England/QEUH-1695FEC/2021_EPI_ISL_2605642_2021-06-10|Delta_(B.1.617.2+AY.1+AY.2)
hCoV-19/India/GJ-GBRC731/2021_EPI_ISL_2405127_2021-04-17|Delta_(B.1.617.2+AY.1+AY.2)  
hCoV-19/USA/CO-CDC-MMB08839763/2021_EPI_ISL_2647047_2021-05-17|Delta_(B.1.617.2+AY.1+AY.2)
hCoV-19/India/GJ-GBRC782b/2021_EPI_ISL_2543907_2021-05-12|Delta_(B.1.617.2+AY.1+AY.2) 
hCoV-19/England/ALDP-15E34B4/2021_EPI_ISL_2407147_2021-05-27|Delta_(B.1.617.2+AY.1+AY.2)
hCoV-19/England/ALDP-16666A3/2021_EPI_ISL_2640637_2021-06-05|Delta_(B.1.617.2+AY.1+AY.2)
hCoV-19/India/PY-Seq_1103_S154_R1_001/2021_EPI_ISL_2272851_2021-04-27|Delta_(B.1.617.2+AY.1+AY.2)
hCoV-19/England/MILK-15B8597/2021_EPI_ISL_2353282_2021-05-24|Delta_(B.1.617.2+AY.1+AY.2)
hCoV-19/Singapore/1035/2021_EPI_ISL_2508686_2021-05-16|Delta_(B.1.617.2+AY.1+AY.2)    
hCoV-19/England/QEUH-157310D/2021_EPI_ISL_2238308_2021-05-08|Delta_(B.1.617.2+AY.1+AY.2)
hCoV-19/England/MILK-15F01EA/2021_EPI_ISL_2435675_2021-05-30|Delta_(B.1.617.2+AY.1+AY.2)
hCoV-19/England/ALDP-15A6550/2021_EPI_ISL_2318559_2021-05-19|Delta_(B.1.617.2+AY.1+AY.2)
hCoV-19/England/ALDP-1687C22/2021_EPI_ISL_2568615_2021-06-07|Delta_(B.1.617.2+AY.1+AY.2)
hCoV-19/England/LOND-128E928/2021_EPI_ISL_2517305_2021-05-31|Delta_(B.1.617.2+AY.1+AY.2)
hCoV-19/England/ALDP-16214E6/2021_EPI_ISL_2485516_2021-06-02|Delta_(B.1.617.2+AY.1+AY.2)
hCoV-19/England/MILK-15AF8A9/2021_EPI_ISL_2347164_2021-05-23|Delta_(B.1.617.2+AY.1+AY.2)
hCoV-19/England/HSLL-1671F40/2021_EPI_ISL_2553987_2021-06-09|Delta_(B.1.617.2+AY.1+AY.2)
hCoV-19/Scotland/QEUH-15DE21C/2021_EPI_ISL_2406719_2021-05-28|Delta_(B.1.617.2+AY.1+AY.2)
hCoV-19/England/NORT-1BBF7FE/2021_EPI_ISL_2355716_2021|Delta_(B.1.617.2+AY.1+AY.2)    
hCoV-19/England/MILK-1541FB3/2021_EPI_ISL_2005525_2021-04-26|Delta_(B.1.617.2+AY.1+AY.2)
hCoV-19/Scotland/QEUH-160F1AB/2021_EPI_ISL_2488049_2021-06-02|Delta_(B.1.617.2+AY.1+AY.2)
hCoV-19/Scotland/QEUH-161A0EC/2021_EPI_ISL_2543369_2021-06-03|Delta_(B.1.617.2+AY.1+AY.2)
hCoV-19/England/PLYM-159BF05/2021_EPI_ISL_2278036_2021-05-19|Delta_(B.1.617.2+AY.1+AY.2)
hCoV-19/Scotland/QEUH-1659E32/2021_EPI_ISL_2607965_2021-06-07|Delta_(B.1.617.2+AY.1+AY.2)
hCoV-19/England/ALDP-15F3EE0/2021_EPI_ISL_2435486_2021-05-30|Delta_(B.1.617.2+AY.1+AY.2)
hCoV-19/Uganda/UG467/2021_EPI_ISL_1970565_2021-04-26|Delta_(B.1.617.2+AY.1+AY.2)      
hCoV-19/Russia/SPE-RII-35400S/2021_EPI_ISL_2450513_2021-05-26|Delta_(B.1.617.2+AY.1+AY.2)
hCoV-19/India/GJ-GBRC633a/2021_EPI_ISL_2001201_2021-04-03|Delta_(B.1.617.2+AY.1+AY.2) 
hCoV-19/England/ALDP-164E577/2021_EPI_ISL_2538423_2021-06-03|Delta_(B.1.617.2+AY.1+AY.2)
hCoV-19/England/MILK-1598E74/2021_EPI_ISL_2275361_2021-05-18|Delta_(B.1.617.2+AY.1+AY.2)
hCoV-19/England/ALDP-159D659/2021_EPI_ISL_2317932_2021-05-19|Delta_(B.1.617.2+AY.1+AY.2)
hCoV-19/Scotland/QEUH-15FE805/2021_EPI_ISL_2543072_2021-05-31|Delta_(B.1.617.2+AY.1+AY.2)
hCoV-19/England/CAMB-AABF79/2021_EPI_ISL_2622231_2021-06-10|Delta_(B.1.617.2+AY.1+AY.2)
hCoV-19/England/MILK-162EBC6/2021_EPI_ISL_2512562_2021-06-05|Delta_(B.1.617.2+AY.1+AY.2)
hCoV-19/USA/CO-CDC-MMB08952724/2021_EPI_ISL_2647777_2021-05-25|Delta_(B.1.617.2+AY.1+AY.2)
hCoV-19/England/MILK-1697700/2021_EPI_ISL_2606751_2021-06-11|Delta_(B.1.617.2+AY.1+AY.2)
hCoV-19/England/ALDP-1593A75/2021_EPI_ISL_2236124_2021-05-17|Delta_(B.1.617.2+AY.1+AY.2)
hCoV-19/England/ALDP-167DA8F/2021_EPI_ISL_2552304_2021-06-08|Delta_(B.1.617.2+AY.1+AY.2)
hCoV-19/Scotland/QEUH-167E9FA/2021_EPI_ISL_2607226_2021-06-09|Delta_(B.1.617.2+AY.1+AY.2)
hCoV-19/England/PLYM-15FB237/2021_EPI_ISL_2513917_2021-06-01|Delta_(B.1.617.2+AY.1+AY.2)
hCoV-19/England/MILK-1620D64/2021_EPI_ISL_2485306_2021-06-03|Delta_(B.1.617.2+AY.1+AY.2)
hCoV-19/England/ALDP-160168C/2021_EPI_ISL_2514641_2021-05-31|Delta_(B.1.617.2+AY.1+AY.2)
hCoV-19/England/RAND-150A51E/2021_EPI_ISL_1697989_2021-04-14|Delta_(B.1.617.2+AY.1+AY.2)
hCoV-19/India/TG-CCMB-CIA0916/2021_EPI_ISL_2156887_2021-04-14|Delta_(B.1.617.2+AY.1+AY.2)
hCoV-19/England/ALDP-1606D28/2021_EPI_ISL_2539260_2021-05-31|Delta_(B.1.617.2+AY.1+AY.2)
hCoV-19/England/ALDP-15DCABC/2021_EPI_ISL_2392755_2021-05-27|Delta_(B.1.617.2+AY.1+AY.2)
hCoV-19/England/MILK-15F4F91/2021_EPI_ISL_2446828_2021-05-31|Delta_(B.1.617.2+AY.1+AY.2)
hCoV-19/England/ALDP-1595484/2021_EPI_ISL_2316330_2021-05-16|Delta_(B.1.617.2+AY.1+AY.2)
hCoV-19/England/ALDP-15F26AD/2021_EPI_ISL_2447381_2021-05-30|Delta_(B.1.617.2+AY.1+AY.2)
hCoV-19/USA/OH-21AM-048CO03363/2021_EPI_ISL_2399749_2021-02-17|Epsilon_(B.1.427+B.1.429)
hCoV-19/USA/CA-CDC-QDX22787579/2021_EPI_ISL_1339866_2021-03-08|Epsilon_(B.1.427+B.1.429)
hCoV-19/USA/WA-PHL-000627/2021_EPI_ISL_2336154_2021-04-28|Epsilon_(B.1.427+B.1.429)   
hCoV-19/USA/CA-CZB-29319/2021_EPI_ISL_1701182_2021-03-05|Epsilon_(B.1.427+B.1.429)    
hCoV-19/USA/CA-SC-210270/2021_EPI_ISL_1235634_2021-02-27|Epsilon_(B.1.427+B.1.429)    
hCoV-19/USA/CA-UCSC-279/2021_EPI_ISL_1469878_2021-03-29|Epsilon_(B.1.427+B.1.429)     
hCoV-19/USA/FL-CDC-ASC210019687/2021_EPI_ISL_1649906_2021-03-25|Epsilon_(B.1.427+B.1.429)
hCoV-19/USA/CA-CDPH-2000041197/2021_EPI_ISL_2778530_2021-03-04|Epsilon_(B.1.427+B.1.429)
hCoV-19/USA/NY-CDC-LC0013916/2021_EPI_ISL_1163010_2021-02-05|Epsilon_(B.1.427+B.1.429)
hCoV-19/USA/CA-CDPH-3000042182/2021_EPI_ISL_2921758_2021-03-13|Epsilon_(B.1.427+B.1.429)
hCoV-19/USA/UT-UPHL-2105041519/2021_EPI_ISL_2291727_2021-03-19|Epsilon_(B.1.427+B.1.429)
hCoV-19/USA/WA-UW-2021041586539/2021_EPI_ISL_1826213_2021-04-15|Epsilon_(B.1.427+B.1.429)
hCoV-19/USA/CA-CDC-STM-000067011/2021_EPI_ISL_2160490_2021-05-01|Epsilon_(B.1.427+B.1.429)
hCoV-19/USA/DE-CDC-2-4215224/2021_EPI_ISL_1798747_2021-04-06|Epsilon_(B.1.427+B.1.429)
hCoV-19/USA/FL-CDC-FG-016643/2021_EPI_ISL_1525536_2021-03-24|Epsilon_(B.1.427+B.1.429)
hCoV-19/Taiwan/NTU56/2021_EPI_ISL_1020315_2021-01-25|Epsilon_(B.1.427+B.1.429)        
hCoV-19/USA/WA-UW-67403/2021_EPI_ISL_1604950_2021-03-12|Epsilon_(B.1.427+B.1.429)     
hCoV-19/USA/CO-CDPHE-2100457815/2021_EPI_ISL_1234073_2021-02-19|Epsilon_(B.1.427+B.1.429)
hCoV-19/USA/MN-CDC-STM-000039010/2021_EPI_ISL_1512585_2021-03-18|Epsilon_(B.1.427+B.1.429)
hCoV-19/USA/IL-CDC-2-4106005/2021_EPI_ISL_1509950_2021-03-17|Epsilon_(B.1.427+B.1.429)
hCoV-19/USA/NY-CDC-LC0049894/2021_EPI_ISL_1926231_2021-04-19|Epsilon_(B.1.427+B.1.429)
hCoV-19/Mexico/JAL_INER_IMSS_00512/2021_EPI_ISL_1585515_2021-03-13|Epsilon_(B.1.427+B.1.429)
hCoV-19/USA/CA-CDPH-3000045852/2021_EPI_ISL_2923543_2021-03-27|Epsilon_(B.1.427+B.1.429)
hCoV-19/USA/WA-CDC-LC0033871/2021_EPI_ISL_1514764_2021-03-12|Epsilon_(B.1.427+B.1.429)
hCoV-19/USA/CA-SC-211166/2021_EPI_ISL_2779593_2021-01-05|Epsilon_(B.1.427+B.1.429)    
hCoV-19/USA/NY-PRL-2021_0614_52J03/2021_EPI_ISL_2634384_2021-01-31|Epsilon_(B.1.427+B.1.429)
hCoV-19/Mexico/BCN-SEARCH-103042/2020_EPI_ISL_2835499_2020-11-26|Epsilon_(B.1.427+B.1.429)
hCoV-19/USA/CA-SEARCH-100748/2020_EPI_ISL_2231562_2020-12-22|Epsilon_(B.1.427+B.1.429)
hCoV-19/USA/CA-CDC-QDX22440640/2021_EPI_ISL_1254308_2021-02-22|Epsilon_(B.1.427+B.1.429)
hCoV-19/USA/NMDOH-2021058545/2021_EPI_ISL_1097772_2021-02-13|Epsilon_(B.1.427+B.1.429)
hCoV-19/USA/CA-SEARCH-11311/2021_EPI_ISL_1812204_2021-02-17|Epsilon_(B.1.427+B.1.429) 
hCoV-19/USA/CA-LACPHL-AF00085/2020_EPI_ISL_792675_2020-12-28|Epsilon_(B.1.427+B.1.429)
hCoV-19/USA/WA-UW-68594/2021_EPI_ISL_1523866_2021-03-22|Epsilon_(B.1.427+B.1.429)     
hCoV-19/USA/TX-HMH-MCoV-38131/2021_EPI_ISL_2205156_2021-03-29|Epsilon_(B.1.427+B.1.429)
hCoV-19/USA/AZ-ASPHL-3309/2020_EPI_ISL_1016931_2020-12-29|Epsilon_(B.1.427+B.1.429)   
hCoV-19/USA/CA-SEARCH-15840/2021_EPI_ISL_1812839_2021-01-19|Epsilon_(B.1.427+B.1.429) 
hCoV-19/USA/WA-UW-2021040710415/2021_EPI_ISL_1680314_2021-04-07|Epsilon_(B.1.427+B.1.429)
hCoV-19/USA/CA-SEARCH-16374/2021_EPI_ISL_1814073_2021-02-08|Epsilon_(B.1.427+B.1.429) 
hCoV-19/USA/OH-21AM-057CO04363/2021_EPI_ISL_2399730_2021-02-26|Epsilon_(B.1.427+B.1.429)
hCoV-19/USA/CA-LACPHL-AF00356/2021_EPI_ISL_962845_2021-01-25|Epsilon_(B.1.427+B.1.429)
hCoV-19/USA/CA-CDC-ASC210002942/2021_EPI_ISL_2243576_2021-03-06|Epsilon_(B.1.427+B.1.429)
hCoV-19/USA/CA-CDPH-3000027490/2021_EPI_ISL_2890583_2021-03-05|Epsilon_(B.1.427+B.1.429)
hCoV-19/USA/WA-UW-2021040825252/2021_EPI_ISL_1715618_2021-04-08|Epsilon_(B.1.427+B.1.429)
hCoV-19/USA/NV-CDC-LC0008900/2021_EPI_ISL_1032326_2021-01-21|Epsilon_(B.1.427+B.1.429)
hCoV-19/Canada/BC-BCCDC-26391/2021_EPI_ISL_2523150_2021-02-16|Epsilon_(B.1.427+B.1.429)
hCoV-19/USA/OR-OHSU-10246/2021_EPI_ISL_1541506_2021-01-27|Epsilon_(B.1.427+B.1.429)   
hCoV-19/USA/CA-ALSR-6061/2021_EPI_ISL_880079_2021-01-07|Epsilon_(B.1.427+B.1.429)     
hCoV-19/USA/IL-RIPHL_40104_G/2021_EPI_ISL_2692040_2021-03-26|Epsilon_(B.1.427+B.1.429)
hCoV-19/USA/WA-UW-68206/2021_EPI_ISL_1490892_2021-03-27|Epsilon_(B.1.427+B.1.429)     
hCoV-19/USA/TX-HMH-MCoV-27458/2021_EPI_ISL_1237240_2021-02-18|Epsilon_(B.1.427+B.1.429)
hCoV-19/Italy/PIE-15833875/2021_EPI_ISL_2720404_2021-04-12|Eta_(B.1.525)
hCoV-19/Denmark/DCGC-49412/2021_EPI_ISL_1125802_2021-02-15|Eta_(B.1.525)
hCoV-19/South_Sudan/UG437/2021_EPI_ISL_2450809_2021-03-02|Eta_(B.1.525)
hCoV-19/Canada/AB-ABPHL-05820/2021_EPI_ISL_2165177_2021-02-23|Eta_(B.1.525)
hCoV-19/Spain/MD-HGUGM-656890/2021_EPI_ISL_2178832_2021-05-11|Eta_(B.1.525)
hCoV-19/Germany/NW-RKI-I-059362/2021_EPI_ISL_1563929_2021-03-25|Eta_(B.1.525)
hCoV-19/Netherlands/GE-RIVM-20466/2021_EPI_ISL_1457577_2021-03-09|Eta_(B.1.525)       
hCoV-19/France/IDF-HMN-21032260140/2021_EPI_ISL_1755030_2021-03-26|Eta_(B.1.525)      
hCoV-19/USA/WA-UW-60949/2021_EPI_ISL_1110053_2021-02-03|Eta_(B.1.525)
hCoV-19/Denmark/DCGC-62387/2021_EPI_ISL_1870958_2021-03-15|Eta_(B.1.525)
hCoV-19/Spain/CT-HUGTiPM015EO7H5/2021_EPI_ISL_2140548_2021-05-05|Eta_(B.1.525)        
hCoV-19/Italy/EMR-045156-008-01/2021_EPI_ISL_1036755_2021-02-03|Eta_(B.1.525)
hCoV-19/Italy/SIC-CQRC-21016091/2021_EPI_ISL_1678008_2021-03-06|Eta_(B.1.525)
hCoV-19/Germany/BW-RKI-I-039022/2021_EPI_ISL_1285383_2021-02-10|Eta_(B.1.525)
hCoV-19/Italy/EMR-119677-005-01/2021_EPI_ISL_1670685_2021-03|Eta_(B.1.525)
hCoV-19/USA/UT-UPHL-210609102285/2021_EPI_ISL_2856059_2021-05-09|Eta_(B.1.525)        
hCoV-19/Italy/EMR-203715-008-01/2021_EPI_ISL_2864124_2021-06|Eta_(B.1.525)
hCoV-19/Uganda/UG531/2021_EPI_ISL_2690477_2021-05-12|Eta_(B.1.525)
hCoV-19/Mali/INSP420/2021_EPI_ISL_2672210_2021-04-04|Eta_(B.1.525)
hCoV-19/Germany/NW-RKI-I-137952/2021_EPI_ISL_2122544_2021-05-01|Eta_(B.1.525)
hCoV-19/Slovenia/22-3052/2021_EPI_ISL_1402052_2021-03-03|Eta_(B.1.525)
hCoV-19/Denmark/DCGC-82865/2021_EPI_ISL_1891710_2021-03-29|Eta_(B.1.525)
hCoV-19/Canada/ABPHL-07883/2021_EPI_ISL_2166396_2021-03-04|Eta_(B.1.525)
hCoV-19/Italy/CAM-TIGEM-IZSM-COLLI-9872/2021_EPI_ISL_1715048_2021-04-10|Eta_(B.1.525) 
hCoV-19/Slovenia/21-5358/2021_EPI_ISL_1402154_2021-03-06|Eta_(B.1.525)
hCoV-19/Germany/NW-RKI-I-055855/2021_EPI_ISL_1439440_2021-03-23|Eta_(B.1.525)
hCoV-19/Italy/CAL-TIGEM-IZSM-COLLI-16523/2021_EPI_ISL_2725308_2021-06-22|Eta_(B.1.525)
hCoV-19/Italy/VEN-IZSVe-21RS1017-7_TV/2021_EPI_ISL_1914286_2021-04-20|Eta_(B.1.525)   
hCoV-19/USA/WV-WVU-WV090263/2021_EPI_ISL_1423335_2021-03-15|Eta_(B.1.525)
hCoV-19/Portugal/PT8553/2021_EPI_ISL_2628710_2021-06-03|Eta_(B.1.525)
hCoV-19/England/PHEC-304054/2021_EPI_ISL_2740636_2021|Eta_(B.1.525)
hCoV-19/Germany/un-RKI-I-062209/2021_EPI_ISL_1567631_2021-03-23|Eta_(B.1.525)
hCoV-19/Canada/ABPHL-07087/2021_EPI_ISL_2165880_2021-03-01|Eta_(B.1.525)
hCoV-19/Canada/ABPHL-10831/2021_EPI_ISL_2168624_2021-03-24|Eta_(B.1.525)
hCoV-19/USA/OH-UHTL-758/2021_EPI_ISL_2193399_2021-05-12|Eta_(B.1.525)
hCoV-19/Italy/CAM-TIGEM-IZSM-COLLI-10326/2021_EPI_ISL_1759697_2021-04-21|Eta_(B.1.525)
hCoV-19/Germany/SN-RKI-I-073430/2021_EPI_ISL_1640138_2021-04-06|Eta_(B.1.525)
hCoV-19/Slovenia/17-023968-KR/2021_EPI_ISL_1817303_2021-04-07|Eta_(B.1.525)
hCoV-19/Belgium/rega-9017/2021_EPI_ISL_2726488_2021-05-08|Eta_(B.1.525)
hCoV-19/Denmark/DCGC-53321/2021_EPI_ISL_1861375_2021-03-29|Eta_(B.1.525)
hCoV-19/Ireland/CW-NVRL-30IRL20960/2021_EPI_ISL_2399786_2021-05-17|Eta_(B.1.525)      
hCoV-19/France/IDF-HMN-21042160481/2021_EPI_ISL_1756612_2021-04-13|Eta_(B.1.525)      
hCoV-19/Italy/CAM-TIGEM-IZSM-COLLI-13581/2021_EPI_ISL_2227048_2021-04-21|Eta_(B.1.525)
hCoV-19/England/PHEC-K304K84D/2021_EPI_ISL_2748522_2021|Eta_(B.1.525)
hCoV-19/Denmark/DCGC-37140/2021_EPI_ISL_928281_2021-01-11|Eta_(B.1.525)
hCoV-19/USA/WA-UW-69202/2021_EPI_ISL_1523891_2021-03-25|Eta_(B.1.525)
hCoV-19/Indonesia/JK-NIHRD-WGS03545/2021_EPI_ISL_2617525_2021-05-05|Eta_(B.1.525)     
hCoV-19/USA/MA-CDC-LC0049846/2021_EPI_ISL_1990051_2021-04-19|Eta_(B.1.525)
hCoV-19/Denmark/DCGC-82501/2021_EPI_ISL_1891310_2021-03-08|Eta_(B.1.525)
hCoV-19/India/TG-CCMB-BN434/2021_EPI_ISL_1838838_2021-04-02|Eta_(B.1.525)
hCoV-19/USA/MA-CDC-IBX206956488304/2021_EPI_ISL_1795455_2021-04-10|Gamma_(P.1)        
hCoV-19/USA/FL-CDC-ASC210042322/2021_EPI_ISL_1688647_2021-04-02|Gamma_(P.1)
hCoV-19/Brazil/BA-LACEN-175/2021_EPI_ISL_1583733_2021-02-26|Gamma_(P.1)
hCoV-19/Brazil/SP-IB-102859/2021_EPI_ISL_2362254_2021-04-28|Gamma_(P.1)
hCoV-19/USA/CA-CDC-ASC210110057/2021_EPI_ISL_2785152_2021-06-17|Gamma_(P.1)
hCoV-19/USA/CA-SEARCH-100117/2021_EPI_ISL_2329608_2021-04-21|Gamma_(P.1)
hCoV-19/Brazil/SP-IB_101906/2021_EPI_ISL_2344960_2021-04-23|Gamma_(P.1)
hCoV-19/USA/NJ-CDC-LC0042384/2021_EPI_ISL_1683269_2021-04-02|Gamma_(P.1)
hCoV-19/Brazil/SP-IB_102112/2021_EPI_ISL_2345152_2021-04-25|Gamma_(P.1)
hCoV-19/Canada/ABPHL-10470/2021_EPI_ISL_2168293_2021-03-31|Gamma_(P.1)
hCoV-19/Brazil/MT-3729/2021_EPI_ISL_2896237_2021-06-18|Gamma_(P.1)
hCoV-19/USA/WA-Altius-ALTCOV-X4ZK7E7FDUETVSGJ/2021_EPI_ISL_2378222_2021-04-12|Gamma_(P.1)
hCoV-19/Canada/ON-PHL-21-12762/2021_EPI_ISL_2012926_2021-04|Gamma_(P.1)
hCoV-19/Brazil/RJ-LNN01541/2021_EPI_ISL_2385726_2021-04-26|Gamma_(P.1)
hCoV-19/Brazil/SP-IB_101378/2021_EPI_ISL_1967305_2021-04-18|Gamma_(P.1)
hCoV-19/Canada/BC-BCCDC-57414/2021_EPI_ISL_2653254_2021-03-30|Gamma_(P.1)
hCoV-19/Belgium/rega-6989/2021_EPI_ISL_2425206_2021-04-09|Gamma_(P.1)
hCoV-19/Brazil/SP-IB_100757/2021_EPI_ISL_1966751_2021-04-14|Gamma_(P.1)
hCoV-19/USA/NY-CDC-ASC210058081/2021_EPI_ISL_2148905_2021-05-03|Gamma_(P.1)
hCoV-19/USA/PA-CDC-STM-000045628/2021_EPI_ISL_1615106_2021-03-27|Gamma_(P.1)
hCoV-19/Brazil/SP-IB_101952/2021_EPI_ISL_2345005_2021-04-23|Gamma_(P.1)
hCoV-19/Brazil/RJ-LNN03212/2021_EPI_ISL_2837234_2021-06-14|Gamma_(P.1)
hCoV-19/Canada/BC-BCCDC-79243/2021_EPI_ISL_2721156_2021-04-04|Gamma_(P.1)
hCoV-19/Chile/TA-82587/2021_EPI_ISL_2597273_2021-04-20|Gamma_(P.1)
hCoV-19/USA/FL-CDC-LC0069974/2021_EPI_ISL_2611194_2021-06-01|Gamma_(P.1)
hCoV-19/Belgium/rega-6405/2021_EPI_ISL_2425173_2021-04-04|Gamma_(P.1)
hCoV-19/USA/NY-Wadsworth-21054869-01/2021_EPI_ISL_2421052_2021-05-02|Gamma_(P.1)      
hCoV-19/Canada/BC-BCCDC-57875/2021_EPI_ISL_2653583_2021-04-02|Gamma_(P.1)
hCoV-19/Canada/BC-BCCDC-77315/2021_EPI_ISL_2719502_2021-04-26|Gamma_(P.1)
hCoV-19/Canada/BC-BCCDC-59350/2021_EPI_ISL_2654522_2021-04-11|Gamma_(P.1)
hCoV-19/Brazil/SP-SJRPRE18/2021_EPI_ISL_2008938_2021-02-27|Gamma_(P.1)
hCoV-19/Brazil/RS-FIOCRUZ-28525/2021_EPI_ISL_2603432_2021-05-17|Gamma_(P.1)
hCoV-19/Brazil/RJ-LNN01175/2021_EPI_ISL_2385468_2021-05-01|Gamma_(P.1)
hCoV-19/USA/FL-CDC-STM-000045184/2021_EPI_ISL_1592727_2021-03-26|Gamma_(P.1)
hCoV-19/USA/IL-CDC-LC0061106/2021_EPI_ISL_2306054_2021-05-10|Gamma_(P.1)
hCoV-19/USA/TN-CDC-ASC210106924/2021_EPI_ISL_2528425_2021-06-03|Gamma_(P.1)
hCoV-19/USA/NM-CDC-2-4502850/2021_EPI_ISL_2690045_2021-05-29|Gamma_(P.1)
hCoV-19/Canada/BC-BCCDC-76703/2021_EPI_ISL_2656307_2021-04-17|Gamma_(P.1)
hCoV-19/Brazil/SP-2665/2021_EPI_ISL_2003144_2021-03-31|Gamma_(P.1)
hCoV-19/Belgium/rega-5469/2021_EPI_ISL_2403982_2021-03-19|Gamma_(P.1)
hCoV-19/USA/CA-CDC-ASC210154454/2021_EPI_ISL_2876014_2021-06-28|Gamma_(P.1)
hCoV-19/USA/WA-UW-21061491225/2021_EPI_ISL_2864528_2021-06-14|Gamma_(P.1)
hCoV-19/Canada/ABPHL-10929/2021_EPI_ISL_2168691_2021-03-19|Gamma_(P.1)
hCoV-19/USA/PR-CDC-S475/2021_EPI_ISL_2688283_2021-04-07|Gamma_(P.1)
hCoV-19/Japan/IC-0958/2021_EPI_ISL_1927239_2021-04-03|Gamma_(P.1)
hCoV-19/Brazil/SP-IB_110245/2021_EPI_ISL_2445454_2021-05-10|Gamma_(P.1)
hCoV-19/USA/IN-CDC-STM-000074083/2021_EPI_ISL_2599345_2021-05-13|Gamma_(P.1)
hCoV-19/Brazil/SP-1600/2021_EPI_ISL_1121307_2021-02-13|Gamma_(P.1)
hCoV-19/Japan/PG-33976/2021_EPI_ISL_1933735_2021-04-03|Gamma_(P.1)
hCoV-19/Brazil/GO-HLAGYN-1733595/2021_EPI_ISL_2921595_2021-06-22|Gamma_(P.1)
hCoV-19/USA/NY-PRL-2021_03_02_00C15/2021_EPI_ISL_1172810_2021-02-28|Iota_(B.1.526)    
hCoV-19/USA/MI-CDC-ASC210068413/2021_EPI_ISL_1998070_2021-04-13|Iota_(B.1.526)        
hCoV-19/Ecuador/NIC-INSPI-331411/2021_EPI_ISL_2893637_2021-06-15|Iota_(B.1.526)       
hCoV-19/USA/PA-CDC-MMB08933036/2021_EPI_ISL_2647591_2021-05-24|Iota_(B.1.526)
hCoV-19/USA/NY-Wadsworth-21028867-01/2021_EPI_ISL_1397677_2021-03-02|Iota_(B.1.526)   
hCoV-19/USA/KS-CDC-QDX24236399/2021_EPI_ISL_2010894_2021-04-23|Iota_(B.1.526)
hCoV-19/USA/ME-HETL-J1883/2021_EPI_ISL_1372674_2021-03-01|Iota_(B.1.526)
hCoV-19/USA/MA-CDC-STM-000050620/2021_EPI_ISL_1735210_2021-04-05|Iota_(B.1.526)       
hCoV-19/USA/NY-PRL-03_09_01P13/2021_EPI_ISL_1258851_2021-03-07|Iota_(B.1.526)
hCoV-19/USA/NY-PRL-2021_0614_51F16/2021_EPI_ISL_2634393_2021-01-04|Iota_(B.1.526)     
hCoV-19/USA/MD-IGS-012110401680A/2021_EPI_ISL_2102487_2021-04-14|Iota_(B.1.526)       
hCoV-19/USA/NY-Wadsworth-21014328-01/2020_EPI_ISL_1227033_2020-12-09|Iota_(B.1.526)   
hCoV-19/USA/NJ-CDC-STM-000055789/2021_EPI_ISL_1906894_2021-04-13|Iota_(B.1.526)       
hCoV-19/USA/OH-CDC-QDX23614223/2021_EPI_ISL_1691504_2021-04-04|Iota_(B.1.526)
hCoV-19/USA/PA-VSP2670/2021_EPI_ISL_2597632_2021-04-26|Iota_(B.1.526)
hCoV-19/USA/NY-PRL-2021_0405_00E06/2021_EPI_ISL_1543060_2021-03-31|Iota_(B.1.526)     
hCoV-19/USA/PA-CDC-LC0046553/2021_EPI_ISL_1800523_2021-04-12|Iota_(B.1.526)
hCoV-19/USA/MA-CDC-ASC210073697/2021_EPI_ISL_2041197_2021-04-17|Iota_(B.1.526)        
hCoV-19/USA/NY-PRL-2021_0412_00J06/2021_EPI_ISL_1635764_2021-04-08|Iota_(B.1.526)     
hCoV-19/USA/NJ-CDC-LC0058033/2021_EPI_ISL_2184267_2021-05-05|Iota_(B.1.526)
hCoV-19/USA/WV-WVU-WV120529/2021_EPI_ISL_2615998_2021-05-01|Iota_(B.1.526)
hCoV-19/USA/NY-PRL-2021_0407_00G16/2021_EPI_ISL_1543356_2021-04-05|Iota_(B.1.526)     
hCoV-19/USA/NY-PRL-2021_03_01_00E10/2021_EPI_ISL_1172428_2021-02-26|Iota_(B.1.526)    
hCoV-19/USA/ME-CDC-QDX25249462/2021_EPI_ISL_2440822_2021-05-20|Iota_(B.1.526)
hCoV-19/Ecuador/NIC-INSPI-317076/2021_EPI_ISL_2488736_2021-05-11|Iota_(B.1.526)       
hCoV-19/USA/MD-MDH-1378/2021_EPI_ISL_1336322_2021-03-05|Iota_(B.1.526)
hCoV-19/USA/NY-PRL-2021_0412_02D16/2021_EPI_ISL_1636217_2021-04-09|Iota_(B.1.526)     
hCoV-19/USA/NY-Wadsworth-21023712-01/2021_EPI_ISL_1671173_2021-02-09|Iota_(B.1.526)   
hCoV-19/USA/NY-CDC-QDX23954383/2021_EPI_ISL_1906372_2021-04-10|Iota_(B.1.526)
hCoV-19/USA/CA-CDC-LC0059684/2021_EPI_ISL_2305120_2021-05-11|Iota_(B.1.526)
hCoV-19/USA/MA-CDC-STM-000044934/2021_EPI_ISL_1592513_2021-03-27|Iota_(B.1.526)       
hCoV-19/USA/MO-CDC-QDX23849395/2021_EPI_ISL_1798032_2021-04-12|Iota_(B.1.526)
hCoV-19/USA/MD-CDC-LC0058088/2021_EPI_ISL_2184061_2021-05-01|Iota_(B.1.526)
hCoV-19/USA/CA-CDPH-3000033330/2021_EPI_ISL_2891901_2021-05-11|Iota_(B.1.526)
hCoV-19/USA/GA-CDC-STM-000061620/2021_EPI_ISL_2009786_2021-04-21|Iota_(B.1.526)       
hCoV-19/USA/FL-CDC-STM-000072542/2021_EPI_ISL_2320462_2021-05-09|Iota_(B.1.526)       
hCoV-19/USA/PA-VSP1785/2021_EPI_ISL_2003914_2021-03-31|Iota_(B.1.526)
hCoV-19/USA/CA-CDPH-2000046165/2021_EPI_ISL_2825960_2021-04-26|Iota_(B.1.526)
hCoV-19/Ecuador/UEES-INTERLAB-6702617/2021_EPI_ISL_2604880_2021-06-09|Iota_(B.1.526)  
hCoV-19/USA/ME-HETL-J3785/2021_EPI_ISL_2802730_2021-05-25|Iota_(B.1.526)
hCoV-19/USA/FL-CDC-ASC210026069/2021_EPI_ISL_1685508_2021-03-29|Iota_(B.1.526)        
hCoV-19/USA/NY-Wadsworth-21023211-01/2021_EPI_ISL_1623965_2021-02-10|Iota_(B.1.526)   
hCoV-19/USA/WI-CDC-LC0058691/2021_EPI_ISL_2184652_2021-05-06|Iota_(B.1.526)
hCoV-19/USA/AL-CDC-STM-000069643/2021_EPI_ISL_2270012_2021-05-05|Iota_(B.1.526)       
hCoV-19/USA/NY-NYULH720/2021_EPI_ISL_1300262_2021-03-04|Iota_(B.1.526)
hCoV-19/USA/NY-NYGC-U002-MFNO362/2021_EPI_ISL_2277640_2021-04-27|Iota_(B.1.526)       
hCoV-19/USA/MA-CDC-ASC210055963/2021_EPI_ISL_1997311_2021-04-10|Iota_(B.1.526)        
hCoV-19/USA/CA-CDPH-2000042086/2021_EPI_ISL_2778547_2021-03-12|Iota_(B.1.526)
hCoV-19/USA/NY-PRL-2021_03_31_00I20/2021_EPI_ISL_1471760_2021-03-29|Iota_(B.1.526)    
hCoV-19/USA/CT-CDC-LC0065706/2021_EPI_ISL_2480518_2021-05-29|Iota_(B.1.526)
hCoV-19/India/AS-1829800102872/2021_EPI_ISL_2502354_2021-04-28|Kappa_(1.617.1)
hCoV-19/Netherlands/ZH-RIVM-29131/2021_EPI_ISL_1962948_2021-04-14|Kappa_(1.617.1)     
hCoV-19/England/MILK-14F516E/2021_EPI_ISL_1700157_2021-04-10|Kappa_(1.617.1)
hCoV-19/India/KA-SEQ_450_S53_R1_001/2021_EPI_ISL_1940020_2021-03-04|Kappa_(1.617.1)   
hCoV-19/USA/NY-CDC-LC0049781/2021_EPI_ISL_1925986_2021-04-14|Kappa_(1.617.1)
hCoV-19/India/MH-ICMR-NIV-INSACOG-GSEQ-159/2021_EPI_ISL_1704387_2021-02|Kappa_(1.617.1)
hCoV-19/India/MH-IGIB-NIV-INSACOG-GSEQ-2027/2021_EPI_ISL_2546399_2021-03-30|Kappa_(1.617.1)
hCoV-19/India/WB-1931300254355/2021_EPI_ISL_2503251_2021-03-31|Kappa_(1.617.1)        
hCoV-19/India/MH-IGIB-NIV-INSACOG-GSEQ-1412/2021_EPI_ISL_2546052_2021-03-17|Kappa_(1.617.1)
hCoV-19/India/WB-ICMR-30500303/2021_EPI_ISL_2272488_2021|Kappa_(1.617.1)
hCoV-19/India/MH-ILSGS01511/2021_EPI_ISL_2342907_2021-03-06|Kappa_(1.617.1)
hCoV-19/India/ILSGS00769/2021_EPI_ISL_1663368_2021-03-07|Kappa_(1.617.1)
hCoV-19/India/JK-NCDC-280981/2021_EPI_ISL_2460934_2021-04-27|Kappa_(1.617.1)
hCoV-19/India/MH-NCCS-302014350031817/2021_EPI_ISL_1544064_2021-02-24|Kappa_(1.617.1) 
hCoV-19/England/ALDP-150E94B/2021_EPI_ISL_1718687_2021-04-15|Kappa_(1.617.1)
hCoV-19/Singapore/529/2021_EPI_ISL_1620164_2021-04-10|Kappa_(1.617.1)
hCoV-19/Germany/HH-HPI-p6067/2021_EPI_ISL_2384554_2021-04-26|Kappa_(1.617.1)
hCoV-19/Slovenia/188058/2021_EPI_ISL_2492326_2021-04-06|Kappa_(1.617.1)
hCoV-19/India/WB-1970400161622/2021_EPI_ISL_1357691_2021-02-20|Kappa_(1.617.1)        
hCoV-19/India/MH-NS1186/2021_EPI_ISL_1838185_2021-03-20|Kappa_(1.617.1)
hCoV-19/India/MH-ICMR-NIV-INSACOG-GSEQ-638/2021_EPI_ISL_1704487_2021-02-22|Kappa_(1.617.1)
hCoV-19/India/MH-ACTREC-144/2021_EPI_ISL_2530364_2021-03-30|Kappa_(1.617.1)
hCoV-19/India/MH-NCCS-DHW50403/2021_EPI_ISL_1415308_2021-02-06|Kappa_(1.617.1)        
hCoV-19/India/MH-ICMR-NIV-INSAGOG-GSEQ-2184/2021_EPI_ISL_1928454_2021-03-23|Kappa_(1.617.1)
hCoV-19/India/JK-NCDC-INSACOG-220967/2021_EPI_ISL_1970127_2021-04-06|Kappa_(1.617.1)  
hCoV-19/India/MH-ICMR-NIV-INSACOG-GSEQ-927/2021_EPI_ISL_1704580_2021-03-01|Kappa_(1.617.1)
hCoV-19/India/WB-1931300249539/2021_EPI_ISL_1589884_2021-03-22|Kappa_(1.617.1)        
hCoV-19/India/GJ-ICMR-NIV-INSAGOG-GSEQ-3033/2021_EPI_ISL_1970460_2021-04-18|Kappa_(1.617.1)
hCoV-19/India/MH-NEERI-CIA2628/2021_EPI_ISL_2441379_2021-03-03|Kappa_(1.617.1)        
hCoV-19/Scotland/QEUH-1506F50/2021_EPI_ISL_1742109_2021-04-14|Kappa_(1.617.1)
hCoV-19/India/WB-1932000270078/2021_EPI_ISL_2549045_2021-04-29|Kappa_(1.617.1)        
hCoV-19/India/MH-NCDC-1109331/2021_EPI_ISL_2460192_2021-02-18|Kappa_(1.617.1)
hCoV-19/India/ILSGS00711/2021_EPI_ISL_1663343_2021-03-13|Kappa_(1.617.1)
hCoV-19/India/MH-NCCS-RT231527/2021_EPI_ISL_1544068_2021-02-26|Kappa_(1.617.1)        
hCoV-19/India/MH-ICMR-NIV-INSAGOG-GSEQ-2294/2021_EPI_ISL_1928435_2021-03-17|Kappa_(1.617.1)
hCoV-19/Germany/MV-RKI-I-138459/2021_EPI_ISL_2123230_2021-04-21|Kappa_(1.617.1)       
hCoV-19/USA/WA-UW-2021041585567/2021_EPI_ISL_1785914_2021-04-15|Kappa_(1.617.1)       
hCoV-19/England/CAMC-141BD6E/2021_EPI_ISL_1410266_2021-03-18|Kappa_(1.617.1)
hCoV-19/India/MH-NCDC-1109289/2021_EPI_ISL_2460183_2021-02-19|Kappa_(1.617.1)
hCoV-19/India/MH-ICMR-NIV-INSACOG-GSEQ-3573/2021_EPI_ISL_2546714_2021-05-07|Kappa_(1.617.1)
hCoV-19/India/MH-ACTREC-007/2021_EPI_ISL_2530122_2021-04-03|Kappa_(1.617.1)
hCoV-19/Germany/BE-RKI-I-104259/2021_EPI_ISL_1848786_2021-04-19|Kappa_(1.617.1)       
hCoV-19/India/MH-ICMR-NIV-INSACOG-GSEQ-244/2021_EPI_ISL_1704402_2021-02-18|Kappa_(1.617.1)
hCoV-19/Malaysia/IMR_WC185230/2021_EPI_ISL_1787254_2021-04-10|Kappa_(1.617.1)
hCoV-19/India/WB-1931501132154/2021_EPI_ISL_2548754_2021-04-15|Kappa_(1.617.1)        
hCoV-19/India/WB-1931300333365/2021_EPI_ISL_2548444_2021-05-13|Kappa_(1.617.1)        
hCoV-19/India/WB-1931300261501/2021_EPI_ISL_2400165_2021-04-08|Kappa_(1.617.1)        
hCoV-19/India/DL-NCDC-180943/2021_EPI_ISL_2460686_2021-03-26|Kappa_(1.617.1)
hCoV-19/India/DL-NCDC-2509117/2021_EPI_ISL_2461480_2021-04-14|Kappa_(1.617.1)
hCoV-19/USA/VA-DCLS-4822/2021_EPI_ISL_2081499_2021-04-24|Kappa_(1.617.1)
hCoV-19/Brazil/AM-FIOCRUZ-20142410MC/2020_EPI_ISL_792560_2020-11-06|Zeta_(P.2)        
hCoV-19/USA/ME-HETL-J1133/2021_EPI_ISL_937444_2021-01-19|Zeta_(P.2)
hCoV-19/Brazil/CE-FIOCRUZ-6566/2021_EPI_ISL_2661916_2021-01-21|Zeta_(P.2)
hCoV-19/Canada/BC-BCCDC-38330/2021_EPI_ISL_2524264_2021-02-06|Zeta_(P.2)
hCoV-19/Brazil/AL-FIOCRUZ-8956/2021_EPI_ISL_2645704_2021-02-13|Zeta_(P.2)
hCoV-19/Brazil/RJ-FIOCRUZ-6903/2021_EPI_ISL_2614230_2021-02-17|Zeta_(P.2)
hCoV-19/Brazil/MG-LBI282/2021_EPI_ISL_1495041_2021-02-01|Zeta_(P.2)
hCoV-19/USA/ME-HETL-J2057/2021_EPI_ISL_1372778_2021-03-02|Zeta_(P.2)
hCoV-19/Brazil/RS-FIOCRUZ-2055/2021_EPI_ISL_2661785_2021-01-05|Zeta_(P.2)
hCoV-19/Suriname/SR-RIVM-22464/2021_EPI_ISL_1522180_2021-02-20|Zeta_(P.2)
hCoV-19/Brazil/AL-FIOCRUZ-4284/2021_EPI_ISL_2645650_2021-01-25|Zeta_(P.2)
hCoV-19/Canada/NB-NML-16161/2021_EPI_ISL_1164956_2021-01-28|Zeta_(P.2)
hCoV-19/Brazil/PB-FIOCRUZ-33096-1P/2020_EPI_ISL_1402429_2020-11-23|Zeta_(P.2)
hCoV-19/Canada/BC-BCCDC-26436/2021_EPI_ISL_2523188_2021-02-17|Zeta_(P.2)
hCoV-19/USA/OR-TRACE-BENT-010421-120/2021_EPI_ISL_1036266_2021-01-04|Zeta_(P.2)       
hCoV-19/USA/WA-UW-67467/2021_EPI_ISL_1490880_2021-03-17|Zeta_(P.2)
hCoV-19/Brazil/PR-IPEC-168/2020_EPI_ISL_2758695_2020-12-16|Zeta_(P.2)
hCoV-19/USA/AZ-TG758839/2021_EPI_ISL_1292235_2021-03-01|Zeta_(P.2)
hCoV-19/USA/ME-HETL-J1892/2021_EPI_ISL_1372747_2021-03-01|Zeta_(P.2)
hCoV-19/Brazil/MG-FIOCRUZ-9361/2021_EPI_ISL_2660518_2021-02-15|Zeta_(P.2)
hCoV-19/Brazil/RJ-FIOCRUZ-32744/2020_EPI_ISL_2603482_2020-12-29|Zeta_(P.2)
hCoV-19/USA/TX-HMH-MCoV-27438/2021_EPI_ISL_1237220_2021-02-18|Zeta_(P.2)
hCoV-19/Brazil/AL-FIOCRUZ-11164/2021_EPI_ISL_2645725_2021-02-14|Zeta_(P.2)
hCoV-19/USA/IN-CDC-STM-000013302/2021_EPI_ISL_1134592_2021-02-11|Zeta_(P.2)
hCoV-19/Brazil/SP-IB_102563/2021_EPI_ISL_2345600_2021-03-24|Zeta_(P.2)
hCoV-19/USA/TN-CDC-ASC210006914/2021_EPI_ISL_2244232_2021-03-16|Zeta_(P.2)
hCoV-19/USA/OH-CDC-QDX22029692/2021_EPI_ISL_1159450_2021-02-11|Zeta_(P.2)
hCoV-19/Brazil/SP-1843/2021_EPI_ISL_1219027_2021-01-26|Zeta_(P.2)
hCoV-19/Brazil/SE-FIOCRUZ-10200/2021_EPI_ISL_2660577_2021-02-24|Zeta_(P.2)
hCoV-19/Brazil/RS-LMM45737/2021_EPI_ISL_2399433_2021-02-01|Zeta_(P.2)
hCoV-19/Brazil/GO-HLAGYN-1344917/2020_EPI_ISL_2017257_2020-12-22|Zeta_(P.2)
hCoV-19/Brazil/ES-FIOCRUZ-7009/2021_EPI_ISL_2645612_2021-01-15|Zeta_(P.2)
hCoV-19/USA/CA-SEARCH-9418/2021_EPI_ISL_1791450_2021-03-29|Zeta_(P.2)
hCoV-19/USA/AK-PHL6825/2021_EPI_ISL_1039735_2021-01-27|Zeta_(P.2)
hCoV-19/Brazil/RJ-FIOCRUZ-13893/2021_EPI_ISL_2614361_2021-03-02|Zeta_(P.2)
hCoV-19/Brazil/SC-FIOCRUZ-3339/2021_EPI_ISL_2677290_2021-01-11|Zeta_(P.2)
hCoV-19/Argentina/PAIS-A0449/2021_EPI_ISL_1395779_2021-01-20|Zeta_(P.2)
hCoV-19/Brazil/MA-IEC1200-177765/2021_EPI_ISL_2248779_2021-01-01|Zeta_(P.2)
hCoV-19/USA/IN-ISDHQ103/2021_EPI_ISL_1663031_2021-01-29|Zeta_(P.2)
hCoV-19/Brazil/PB-FIOCRUZ-29647/2020_EPI_ISL_792635_2020-11-10|Zeta_(P.2)
hCoV-19/Brazil/RN-FIOCRUZ-34150/2020_EPI_ISL_2466142_2020-12-01|Zeta_(P.2)
hCoV-19/Brazil/SP-IB_100192/2021_EPI_ISL_1966228_2021-03-15|Zeta_(P.2)
hCoV-19/Brazil/RS-FUNED-901870/2020_EPI_ISL_1182606_2020-12-03|Zeta_(P.2)
hCoV-19/Brazil/RJ-LVM29614/2020_EPI_ISL_2629628_2020-12-17|Zeta_(P.2)
hCoV-19/Brazil/SP-1406/2021_EPI_ISL_984257_2021-01-07|Zeta_(P.2)
hCoV-19/USA/KY-CDC-LC0038636/2021_EPI_ISL_1611679_2021-03-31|Zeta_(P.2)
hCoV-19/USA/NJ-CDC-ASC210042861/2021_EPI_ISL_2421484_2021-04-02|Zeta_(P.2)
hCoV-19/India/MH-ICMR-184222581-P1multiplex/2021_EPI_ISL_2032338_2021|Zeta_(P.2)      
hCoV-19/Brazil/SP-26179/2021_EPI_ISL_1795400_2021-03-24|Zeta_(P.2)
hCoV-19/Brazil/MG-FUNED-97311-20/2020_EPI_ISL_1182585_2020-12-21|Zeta_(P.2)
hCoV-19/Italy/CAM-COLLI-COTUGNO-A10117/2021EPI_ISL_68543462021-11-28|Omicron_(B.1.1.529+BA.x)
hCoV-19/Italy/CAM-COLLI-COTUGNO-B10118/2021EPI_ISL_68543472021-11-28|Omicron_(B.1.1.529+BA.x)
hCoV-19/Italy/CAM-COLLI-COTUGNO-C10119/2021EPI_ISL_68543482021-11-28|Omicron_(B.1.1.529+BA.x)
hCoV-19/Australia/QLD2568/2021EPI_ISL_71903662021-12-01|Omicron_(B.1.1.529+BA.x)      
hCoV-19/Hong Kong/HK-HKPU-12432/2021EPI_ISL_71927342021-11-28|Omicron_(B.1.1.529+BA.x)
hCoV-19/Nepal/NPHL-S-263/2021EPI_ISL_71961202021-11-26|Omicron_(B.1.1.529+BA.x)       
hCoV-19/Nepal/NPHL-S-264/2021EPI_ISL_71961212021-11-27|Omicron_(B.1.1.529+BA.x)       
hCoV-19/South Africa/LAZ-AMC-211204828-DS/2021EPI_ISL_72858452021-12-04|Omicron_(B.1.1.529+BA.x)
hCoV-19/South Africa/LAZ-AMC-211204866-DS/2021EPI_ISL_72858462021-12-04|Omicron_(B.1.1.529+BA.x)
hCoV-19/South Africa/NICD-N21695/2021EPI_ISL_73374412021-11-17|Omicron_(B.1.1.529+BA.x)
hCoV-19/South Africa/NICD-N21738/2021EPI_ISL_73374812021-11-22|Omicron_(B.1.1.529+BA.x)
hCoV-19/South Africa/NICD-N21751/2021EPI_ISL_73374972021-11-22|Omicron_(B.1.1.529+BA.x)
hCoV-19/South Africa/NICD-N21756/2021EPI_ISL_73375022021-11-18|Omicron_(B.1.1.529+BA.x)
hCoV-19/England/PHEC-3U081UF3/2021EPI_ISL_73453222021-11-29|Omicron_(B.1.1.529+BA.x)  
hCoV-19/India/DL-ICMR-MCL_21_11514_7858/2021EPI_ISL_73811022021-11-23|Omicron_(B.1.1.529+BA.x)
hCoV-19/USA/TX-HMH-MCoV-68528/2021EPI_ISL_74157672021-12-02|Omicron_(B.1.1.529+BA.x)  
hCoV-19/USA/ID-IBL-775197/2021EPI_ISL_74967342021-12-05|Omicron_(B.1.1.529+BA.x)      
hCoV-19/USA/AZ-ASU26315/2021EPI_ISL_75033772021-12-05|Omicron_(B.1.1.529+BA.x)        
hCoV-19/South Africa/CERI-KRISP-K033065/2021EPI_ISL_75457822021-12-06|Omicron_(B.1.1.529+BA.x)
hCoV-19/Botswana/R50B23_BHP_AAC33143/2021EPI_ISL_75527022021-12-07|Omicron_(B.1.1.529+BA.x)
hCoV-19/Botswana/R50B24_BHP_AAC33098/2021EPI_ISL_75527032021-12-07|Omicron_(B.1.1.529+BA.x)
hCoV-19/England/PHEC-3U0A6U10/2021EPI_ISL_75636042021-12-03|Omicron_(B.1.1.529+BA.x)  
hCoV-19/Botswana/R50B51_BHP_AAC29774/2021EPI_ISL_75663282021-12-01|Omicron_(B.1.1.529+BA.x)
hCoV-19/Botswana/R50B67_BHP_AAC26123/2021EPI_ISL_75663302021-11-23|Omicron_(B.1.1.529+BA.x)
hCoV-19/Switzerland/BS-ETHZ-35048245/2021EPI_ISL_75668752021-11-30|Omicron_(B.1.1.529+BA.x)
hCoV-19/England/PHEC-3U0A7UC2/2021EPI_ISL_75833542021-12-04|Omicron_(B.1.1.529+BA.x)  
hCoV-19/England/PHEC-3U0A8U0B/2021EPI_ISL_75833752021-12-04|Omicron_(B.1.1.529+BA.x)  
hCoV-19/USA/TX-HMH-MCoV-68606/2021EPI_ISL_76032712021-12-04|Omicron_(B.1.1.529+BA.x)  
hCoV-19/USA/TX-HMH-MCoV-68610/2021EPI_ISL_76036812021-12-03|Omicron_(B.1.1.529+BA.x)  
hCoV-19/USA/TX-HMH-MCoV-68741/2021EPI_ISL_76044802021-12-07|Omicron_(B.1.1.529+BA.x)  
hCoV-19/USA/TX-ABS2112060089/2021EPI_ISL_76160002021-12-06|Omicron_(B.1.1.529+BA.x)   
hCoV-19/India/DL-GSLLNH/2021EPI_ISL_76236762021-12-06|Omicron_(B.1.1.529+BA.x)        
hCoV-19/Switzerland/ZH-UZH-IMV-3ba578cc/2021EPI_ISL_76320352021-11-30|Omicron_(B.1.1.529+BA.x)
hCoV-19/Switzerland/ZH-UZH-IMV-3ba578d0/2021EPI_ISL_76320452021-11-30|Omicron_(B.1.1.529+BA.x)
hCoV-19/Switzerland/ZH-UZH-IMV-3ba5793e/2021EPI_ISL_76320522021-12-02|Omicron_(B.1.1.529+BA.x)
hCoV-19/India/DL-GSLLNH 1/2021EPI_ISL_76444732021-12-02|Omicron_(B.1.1.529+BA.x)      
hCoV-19/Namibia/MDL035783/2021EPI_ISL_76499842021-11|Omicron_(B.1.1.529+BA.x)
hCoV-19/Namibia/MDL035786/2021EPI_ISL_76499852021-11|Omicron_(B.1.1.529+BA.x)
hCoV-19/Namibia/MDL035788/2021EPI_ISL_76499862021-11|Omicron_(B.1.1.529+BA.x)
hCoV-19/Namibia/MDL035789/2021EPI_ISL_76499872021-11|Omicron_(B.1.1.529+BA.x)
hCoV-19/Namibia/MDL035790/2021EPI_ISL_76499882021-11|Omicron_(B.1.1.529+BA.x)
hCoV-19/Namibia/MDL035797/2021EPI_ISL_76499892021-11|Omicron_(B.1.1.529+BA.x)
hCoV-19/Namibia/MDL035803/2021EPI_ISL_76499912021-11|Omicron_(B.1.1.529+BA.x)
hCoV-19/Namibia/MDL035804/2021EPI_ISL_76499922021-11|Omicron_(B.1.1.529+BA.x)
hCoV-19/Namibia/MDL035805/2021EPI_ISL_76499932021-11|Omicron_(B.1.1.529+BA.x)
hCoV-19/Namibia/MDL035806/2021EPI_ISL_76499942021-11|Omicron_(B.1.1.529+BA.x)
hCoV-19/Namibia/MDL035807/2021EPI_ISL_76499952021-11|Omicron_(B.1.1.529+BA.x)
hCoV-19/Namibia/MDL035811/2021EPI_ISL_76499992021-11|Omicron_(B.1.1.529+BA.x)
hCoV-19/Namibia/MDL035812/2021EPI_ISL_76500002021-11|Omicron_(B.1.1.529+BA.x)
hCoV-19/England/PHEC-3U0B2U84/2021EPI_ISL_76850612021-12-02|Omicron_(B.1.1.529+BA.x)
