id,y_pred
MZ083615.1|SARS-CoV-2|Alpha,Alpha
OD911548.1|SARS-CoV-2|Alpha,Alpha
MZ195292.1|SARS-CoV-2|Alpha,Alpha
MZ152291.1|SARS-CoV-2|Alpha,Alpha
MZ358479.1|SARS-CoV-2|Alpha,Alpha
OD963083.1|SARS-CoV-2|Alpha,Alpha
OD961081.1|SARS-CoV-2|Alpha,Alpha
OD948536.1|SARS-CoV-2|Alpha,Alpha
MZ100391.1|SARS-CoV-2|Alpha,Alpha
OU387274.1|SARS-CoV-2|Alpha,Alpha
MZ244973.1|SARS-CoV-2|Alpha,Alpha
OU050877.1|SARS-CoV-2|Alpha,Alpha
MZ650697.1|SARS-CoV-2|Alpha,Alpha
MW991102.1|SARS-CoV-2|Alpha,Alpha
OD927905.1|SARS-CoV-2|Alpha,Alpha
MZ372483.1|SARS-CoV-2|Alpha,Alpha
OD931128.1|SARS-CoV-2|Alpha,Alpha
OD940936.1|SARS-CoV-2|Alpha,Alpha
OD929784.1|SARS-CoV-2|Alpha,Alpha
MZ167450.1|SARS-CoV-2|Alpha,Alpha
MZ401863.1|SARS-CoV-2|Alpha,Alpha
MZ430625.1|SARS-CoV-2|Alpha,Alpha
OD980561.1|SARS-CoV-2|Alpha,Alpha
MZ282330.1|SARS-CoV-2|Alpha,Alpha
MZ010549.1|SARS-CoV-2|Alpha,Alpha
OD965565.1|SARS-CoV-2|Alpha,Alpha
OU389841.1|SARS-CoV-2|Alpha,Alpha
OU813753.1|SARS-CoV-2|Alpha,Alpha
OD921795.1|SARS-CoV-2|Alpha,Alpha
OD960704.1|SARS-CoV-2|Alpha,Alpha
MZ294702.1|SARS-CoV-2|Alpha,Alpha
MZ024440.1|SARS-CoV-2|Alpha,Alpha
MW932649.1|SARS-CoV-2|Alpha,Alpha
OD942736.1|SARS-CoV-2|Alpha,Alpha
MW877244.1|SARS-CoV-2|Alpha,Alpha
MZ316310.1|SARS-CoV-2|Alpha,Alpha
OD970787.1|SARS-CoV-2|Alpha,Alpha
MW869817.1|SARS-CoV-2|Alpha,Alpha
OU012085.1|SARS-CoV-2|Alpha,Alpha
OK194437.1|SARS-CoV-2|Alpha,Alpha
MZ173149.1|SARS-CoV-2|Alpha,Alpha
MZ415975.1|SARS-CoV-2|Alpha,Alpha
MZ494056.1|SARS-CoV-2|Alpha,Alpha
OD970549.1|SARS-CoV-2|Alpha,Alpha
OD994840.1|SARS-CoV-2|Alpha,Alpha
OU032139.1|SARS-CoV-2|Alpha,Alpha
OD960889.1|SARS-CoV-2|Alpha,Alpha
MZ360362.1|SARS-CoV-2|Alpha,Alpha
MW848916.1|SARS-CoV-2|Alpha,Alpha
MZ084819.1|SARS-CoV-2|Alpha,Alpha
MZ193148.1|SARS-CoV-2|Alpha,Alpha
OU419924.1|SARS-CoV-2|Alpha,Alpha
OD981077.1|SARS-CoV-2|Alpha,Alpha
OD953500.1|SARS-CoV-2|Alpha,Alpha
OD953083.1|SARS-CoV-2|Alpha,Alpha
OD955531.1|SARS-CoV-2|Alpha,Alpha
OD962508.1|SARS-CoV-2|Alpha,Alpha
MZ501480.1|SARS-CoV-2|Alpha,Alpha
OD937427.1|SARS-CoV-2|Alpha,Alpha
OD990426.1|SARS-CoV-2|Alpha,Alpha
MZ486452.1|SARS-CoV-2|Alpha,Alpha
OD927191.1|SARS-CoV-2|Alpha,Alpha
MZ008784.1|SARS-CoV-2|Alpha,Alpha
OD950057.1|SARS-CoV-2|Alpha,Alpha
MZ366738.1|SARS-CoV-2|Alpha,Alpha
MZ187052.1|SARS-CoV-2|Alpha,Alpha
OD924708.1|SARS-CoV-2|Alpha,Alpha
OK187695.1|SARS-CoV-2|Alpha,Alpha
OD973119.1|SARS-CoV-2|Alpha,Alpha
MZ372600.1|SARS-CoV-2|Alpha,Alpha
OU420164.1|SARS-CoV-2|Alpha,Alpha
OU029488.1|SARS-CoV-2|Alpha,Alpha
OD933836.1|SARS-CoV-2|Alpha,Alpha
MZ212230.1|SARS-CoV-2|Alpha,Alpha
OK252315.1|SARS-CoV-2|Alpha,Alpha
MW864610.1|SARS-CoV-2|Alpha,Alpha
MZ498761.1|SARS-CoV-2|Alpha,Alpha
OD922031.1|SARS-CoV-2|Alpha,Alpha
MZ291368.1|SARS-CoV-2|Alpha,Alpha
OD953429.1|SARS-CoV-2|Alpha,Alpha
OD977452.1|SARS-CoV-2|Alpha,Alpha
MZ297992.1|SARS-CoV-2|Alpha,Alpha
MZ207798.1|SARS-CoV-2|Alpha,Alpha
MZ131724.1|SARS-CoV-2|Alpha,Alpha
MZ211320.1|SARS-CoV-2|Alpha,Alpha
OD959366.1|SARS-CoV-2|Alpha,Alpha
OD972595.1|SARS-CoV-2|Alpha,Alpha
MZ029279.1|SARS-CoV-2|Alpha,Alpha
MZ064589.1|SARS-CoV-2|Alpha,Alpha
MZ132508.1|SARS-CoV-2|Alpha,Alpha
OD971501.1|SARS-CoV-2|Alpha,Alpha
OU471517.1|SARS-CoV-2|Alpha,Alpha
MZ566154.1|SARS-CoV-2|Alpha,Alpha
MZ746267.1|SARS-CoV-2|Alpha,Alpha
OD973655.1|SARS-CoV-2|Alpha,Alpha
MZ349456.1|SARS-CoV-2|Alpha,Alpha
OD978369.1|SARS-CoV-2|Alpha,Alpha
OD942581.1|SARS-CoV-2|Alpha,Alpha
OD926420.1|SARS-CoV-2|Alpha,Alpha
MW993208.1|SARS-CoV-2|Alpha,Alpha
MZ088010.1|SARS-CoV-2|Alpha,Alpha
OK190799.1|SARS-CoV-2|Alpha,Alpha
OK187728.1|SARS-CoV-2|Alpha,Alpha
OD959591.1|SARS-CoV-2|Alpha,Alpha
MZ270405.1|SARS-CoV-2|Alpha,Alpha
MZ724240.1|SARS-CoV-2|Alpha,Alpha
MZ317719.1|SARS-CoV-2|Alpha,Alpha
MZ743331.1|SARS-CoV-2|Alpha,Alpha
OK193989.1|SARS-CoV-2|Alpha,Alpha
OK232282.1|SARS-CoV-2|Alpha,Alpha
MZ724370.1|SARS-CoV-2|Alpha,Alpha
MZ029308.1|SARS-CoV-2|Alpha,Alpha
OD931802.1|SARS-CoV-2|Alpha,Alpha
OD952618.1|SARS-CoV-2|Alpha,Alpha
MZ349340.1|SARS-CoV-2|Alpha,Alpha
OU812302.1|SARS-CoV-2|Alpha,Alpha
MZ133132.1|SARS-CoV-2|Alpha,Alpha
MZ228836.1|SARS-CoV-2|Alpha,Alpha
OD980953.1|SARS-CoV-2|Alpha,Alpha
MZ003800.1|SARS-CoV-2|Alpha,Alpha
MZ022352.1|SARS-CoV-2|Alpha,Alpha
MZ296183.1|SARS-CoV-2|Alpha,Alpha
OD977197.1|SARS-CoV-2|Alpha,Alpha
OK219441.1|SARS-CoV-2|Alpha,Alpha
OD971161.1|SARS-CoV-2|Alpha,Alpha
MW930079.1|SARS-CoV-2|Alpha,Alpha
MZ075787.1|SARS-CoV-2|Alpha,Alpha
OD954819.1|SARS-CoV-2|Alpha,Alpha
MZ318794.1|SARS-CoV-2|Alpha,Alpha
OD940515.1|SARS-CoV-2|Alpha,Alpha
MZ167623.1|SARS-CoV-2|Alpha,Alpha
OD955343.1|SARS-CoV-2|Alpha,Alpha
OL369844.1|SARS-CoV-2|Alpha,Alpha
OD983030.1|SARS-CoV-2|Alpha,Alpha
OU808215.1|SARS-CoV-2|Alpha,Alpha
MZ493499.1|SARS-CoV-2|Alpha,Alpha
MZ181083.1|SARS-CoV-2|Alpha,Alpha
MZ163305.1|SARS-CoV-2|Alpha,Alpha
OD938977.1|SARS-CoV-2|Alpha,Alpha
OD994576.1|SARS-CoV-2|Alpha,Alpha
MZ083556.1|SARS-CoV-2|Alpha,Alpha
MZ160286.1|SARS-CoV-2|Alpha,Alpha
MZ214876.1|SARS-CoV-2|Alpha,Alpha
MZ340870.1|SARS-CoV-2|Alpha,Alpha
OD969041.1|SARS-CoV-2|Alpha,Alpha
OL579880.1|SARS-CoV-2|Alpha,Alpha
MZ312843.1|SARS-CoV-2|Alpha,Alpha
OD954248.1|SARS-CoV-2|Alpha,Alpha
OD974036.1|SARS-CoV-2|Alpha,Alpha
MZ192520.1|SARS-CoV-2|Alpha,Alpha
OD961286.1|SARS-CoV-2|Alpha,Alpha
OD955174.1|SARS-CoV-2|Alpha,Alpha
MZ716195.1|SARS-CoV-2|Alpha,Alpha
MW803479.1|SARS-CoV-2|Alpha,Alpha
OK351343.1|SARS-CoV-2|Alpha,Alpha
OD921400.1|SARS-CoV-2|Alpha,Alpha
MZ032779.1|SARS-CoV-2|Alpha,Alpha
OD966933.1|SARS-CoV-2|Alpha,Alpha
OD934684.1|SARS-CoV-2|Alpha,Alpha
MZ024720.1|SARS-CoV-2|Alpha,Alpha
OD945866.1|SARS-CoV-2|Alpha,Alpha
OD902169.1|SARS-CoV-2|Alpha,Alpha
OD972414.1|SARS-CoV-2|Alpha,Alpha
MW906697.1|SARS-CoV-2|Alpha,Alpha
MZ320066.1|SARS-CoV-2|Alpha,Alpha
OD989748.1|SARS-CoV-2|Alpha,Alpha
MZ828205.1|SARS-CoV-2|Alpha,Alpha
MZ153798.1|SARS-CoV-2|Alpha,Alpha
OD949200.1|SARS-CoV-2|Alpha,Alpha
OD920279.1|SARS-CoV-2|Alpha,Alpha
MZ280656.1|SARS-CoV-2|Alpha,Alpha
OD930313.1|SARS-CoV-2|Alpha,Alpha
OD964035.1|SARS-CoV-2|Alpha,Alpha
OK511340.1|SARS-CoV-2|Alpha,Alpha
MZ127165.1|SARS-CoV-2|Alpha,Alpha
MZ001680.1|SARS-CoV-2|Alpha,Alpha
OD969318.1|SARS-CoV-2|Alpha,Alpha
OK220661.1|SARS-CoV-2|Alpha,Alpha
OD971697.1|SARS-CoV-2|Alpha,Alpha
MW776905.1|SARS-CoV-2|Alpha,Alpha
MZ316416.1|SARS-CoV-2|Alpha,Alpha
MZ152129.1|SARS-CoV-2|Alpha,Alpha
MZ297292.1|SARS-CoV-2|Alpha,Alpha
MZ279319.1|SARS-CoV-2|Alpha,Alpha
MW906345.1|SARS-CoV-2|Alpha,Alpha
MZ194316.1|SARS-CoV-2|Alpha,Alpha
OD975942.1|SARS-CoV-2|Alpha,Alpha
OD981139.1|SARS-CoV-2|Alpha,Alpha
OD966113.1|SARS-CoV-2|Alpha,Alpha
MZ132938.1|SARS-CoV-2|Alpha,Alpha
OD974896.1|SARS-CoV-2|Alpha,Alpha
MZ286722.1|SARS-CoV-2|Alpha,Alpha
MZ284338.1|SARS-CoV-2|Alpha,Alpha
MZ225796.1|SARS-CoV-2|Alpha,Alpha
OD954923.1|SARS-CoV-2|Alpha,Alpha
MZ167460.1|SARS-CoV-2|Alpha,Alpha
OD960194.1|SARS-CoV-2|Alpha,Alpha
OD929539.1|SARS-CoV-2|Alpha,Alpha
MZ429201.1|SARS-CoV-2|Alpha,Alpha
OD946986.1|SARS-CoV-2|Alpha,Alpha
MW932425.1|SARS-CoV-2|Alpha,Alpha
MZ238896.1|SARS-CoV-2|Alpha,Alpha
MZ201893.1|SARS-CoV-2|Alpha,Alpha
MZ331313.1|SARS-CoV-2|Alpha,Alpha
OD924045.1|SARS-CoV-2|Alpha,Alpha
MZ214310.1|SARS-CoV-2|Alpha,Alpha
MZ493438.1|SARS-CoV-2|Alpha,Alpha
OD929517.1|SARS-CoV-2|Alpha,Alpha
MZ244767.1|SARS-CoV-2|Alpha,Alpha
MZ074410.1|SARS-CoV-2|Alpha,Alpha
OU395704.1|SARS-CoV-2|Alpha,Alpha
MZ164668.1|SARS-CoV-2|Alpha,Alpha
MW964087.1|SARS-CoV-2|Alpha,Alpha
OD996089.1|SARS-CoV-2|Alpha,Alpha
MZ916380.1|SARS-CoV-2|Alpha,Alpha
OD984401.1|SARS-CoV-2|Alpha,Alpha
OD982139.1|SARS-CoV-2|Alpha,Alpha
OD973350.1|SARS-CoV-2|Alpha,Alpha
OD942572.1|SARS-CoV-2|Alpha,Alpha
MZ569134.1|SARS-CoV-2|Alpha,Alpha
MZ237977.1|SARS-CoV-2|Alpha,Alpha
OU385824.1|SARS-CoV-2|Alpha,Alpha
OD974612.1|SARS-CoV-2|Alpha,Alpha
MZ168378.1|SARS-CoV-2|Alpha,Alpha
MZ133155.1|SARS-CoV-2|Alpha,Alpha
MZ212937.1|SARS-CoV-2|Alpha,Alpha
OD929225.1|SARS-CoV-2|Alpha,Alpha
MZ786365.1|SARS-CoV-2|Alpha,Alpha
OD955084.1|SARS-CoV-2|Alpha,Alpha
MZ237652.1|SARS-CoV-2|Alpha,Alpha
MZ498001.1|SARS-CoV-2|Alpha,Alpha
MZ555433.1|SARS-CoV-2|Alpha,Alpha
OD898805.1|SARS-CoV-2|Alpha,Alpha
OD927858.1|SARS-CoV-2|Alpha,Alpha
MZ415096.1|SARS-CoV-2|Alpha,Alpha
MZ337132.1|SARS-CoV-2|Alpha,Alpha
MW844273.1|SARS-CoV-2|Alpha,Alpha
OD968665.1|SARS-CoV-2|Alpha,Alpha
MZ282457.1|SARS-CoV-2|Alpha,Alpha
MW988278.1|SARS-CoV-2|Alpha,Alpha
OL526939.1|SARS-CoV-2|Alpha,Alpha
OD963788.1|SARS-CoV-2|Alpha,Alpha
MW969502.1|SARS-CoV-2|Alpha,Alpha
MW842365.1|SARS-CoV-2|Alpha,Alpha
OL544608.1|SARS-CoV-2|Alpha,Alpha
MZ086574.1|SARS-CoV-2|Alpha,Alpha
OK340762.1|SARS-CoV-2|Alpha,Alpha
OD975600.1|SARS-CoV-2|Alpha,Alpha
MZ151973.1|SARS-CoV-2|Alpha,Alpha
MW829570.1|SARS-CoV-2|Alpha,Alpha
MW598419.1|SARS-CoV-2|Beta,Beta
MW898265.1|SARS-CoV-2|Beta,Beta
MZ061538.1|SARS-CoV-2|Beta,Beta
MZ432075.1|SARS-CoV-2|Beta,Beta
MZ001392.1|SARS-CoV-2|Beta,Beta
MZ165753.1|SARS-CoV-2|Beta,Beta
MZ270223.1|SARS-CoV-2|Beta,Beta
MZ002279.1|SARS-CoV-2|Beta,Beta
MZ290246.1|SARS-CoV-2|Beta,Beta
OM765668.1|SARS-CoV-2|Beta,Beta
OM739433.1|SARS-CoV-2|Beta,Beta
ON078391.1|SARS-CoV-2|Beta,Beta
OU475361.1|SARS-CoV-2|Beta,Beta
OD942210.1|SARS-CoV-2|Beta,Beta
MZ214383.1|SARS-CoV-2|Beta,Beta
OM721040.1|SARS-CoV-2|Beta,Beta
OK171528.1|SARS-CoV-2|Beta,Beta
MZ451707.1|SARS-CoV-2|Beta,Beta
MZ143918.1|SARS-CoV-2|Beta,Beta
MW914542.1|SARS-CoV-2|Beta,Beta
MW965893.1|SARS-CoV-2|Beta,Beta
MZ061331.1|SARS-CoV-2|Beta,Beta
MZ206659.1|SARS-CoV-2|Beta,Beta
OK192433.1|SARS-CoV-2|Beta,Beta
MZ520115.1|SARS-CoV-2|Beta,Beta
ON099776.1|SARS-CoV-2|Beta,Beta
MW869153.1|SARS-CoV-2|Beta,Beta
OD987507.1|SARS-CoV-2|Beta,Beta
OM739395.1|SARS-CoV-2|Beta,Beta
ON891828.1|SARS-CoV-2|Beta,Beta
MZ307356.1|SARS-CoV-2|Beta,Beta
MZ201515.1|SARS-CoV-2|Beta,Beta
MZ030166.1|SARS-CoV-2|Beta,Beta
MZ520102.1|SARS-CoV-2|Beta,Beta
MZ004734.1|SARS-CoV-2|Beta,Beta
OD989241.1|SARS-CoV-2|Beta,Beta
OM766157.1|SARS-CoV-2|Beta,Beta
ON647456.1|SARS-CoV-2|Beta,Beta
MW883160.1|SARS-CoV-2|Beta,Beta
MZ025085.1|SARS-CoV-2|Beta,Beta
OM765441.1|SARS-CoV-2|Beta,Beta
MW789246.1|SARS-CoV-2|Beta,Beta
ON099891.1|SARS-CoV-2|Beta,Beta
MZ944846.1|SARS-CoV-2|Beta,Beta
MZ394603.1|SARS-CoV-2|Beta,Beta
OM739405.1|SARS-CoV-2|Beta,Beta
MZ970764.1|SARS-CoV-2|Beta,Beta
MZ266501.1|SARS-CoV-2|Beta,Beta
OP053531.1|SARS-CoV-2|Beta,Beta
ON283869.1|SARS-CoV-2|Beta,Beta
OM463433.1|SARS-CoV-2|Beta,Beta
MZ298843.1|SARS-CoV-2|Beta,Beta
MZ780153.1|SARS-CoV-2|Beta,Beta
MZ394616.1|SARS-CoV-2|Beta,Beta
MZ451713.1|SARS-CoV-2|Beta,Beta
OM725387.1|SARS-CoV-2|Beta,Beta
MW969329.1|SARS-CoV-2|Beta,Beta
MW877177.1|SARS-CoV-2|Beta,Beta
OD927496.1|SARS-CoV-2|Beta,Beta
MZ283682.1|SARS-CoV-2|Beta,Beta
MZ520101.1|SARS-CoV-2|Beta,Beta
OM725121.1|SARS-CoV-2|Beta,Beta
OK238749.1|SARS-CoV-2|Beta,Beta
OD990941.1|SARS-CoV-2|Beta,Beta
ON099773.1|SARS-CoV-2|Beta,Beta
OK191988.1|SARS-CoV-2|Beta,Beta
MW905844.1|SARS-CoV-2|Beta,Beta
OM765445.1|SARS-CoV-2|Beta,Beta
MZ684607.1|SARS-CoV-2|Beta,Beta
OM739596.1|SARS-CoV-2|Beta,Beta
MW793569.1|SARS-CoV-2|Beta,Beta
MZ779858.1|SARS-CoV-2|Beta,Beta
OK233737.1|SARS-CoV-2|Beta,Beta
ON116535.1|SARS-CoV-2|Beta,Beta
MW963539.1|SARS-CoV-2|Beta,Beta
OK192302.1|SARS-CoV-2|Beta,Beta
OM739331.1|SARS-CoV-2|Beta,Beta
MW844743.1|SARS-CoV-2|Beta,Beta
OD927495.1|SARS-CoV-2|Beta,Beta
OM721023.1|SARS-CoV-2|Beta,Beta
ON322657.1|SARS-CoV-2|Beta,Beta
MZ036441.1|SARS-CoV-2|Beta,Beta
OU471495.1|SARS-CoV-2|Beta,Beta
ON279075.1|SARS-CoV-2|Beta,Beta
MZ685483.1|SARS-CoV-2|Beta,Beta
OD917710.1|SARS-CoV-2|Beta,Beta
MZ062216.1|SARS-CoV-2|Beta,Beta
MZ666637.1|SARS-CoV-2|Beta,Beta
MW964036.1|SARS-CoV-2|Beta,Beta
OM765703.1|SARS-CoV-2|Beta,Beta
OM725490.1|SARS-CoV-2|Beta,Beta
OM765458.1|SARS-CoV-2|Beta,Beta
OD932281.1|SARS-CoV-2|Beta,Beta
ON322658.1|SARS-CoV-2|Beta,Beta
ON647565.1|SARS-CoV-2|Beta,Beta
OD913756.1|SARS-CoV-2|Beta,Beta
MZ068161.1|SARS-CoV-2|Beta,Beta
MZ164548.2|SARS-CoV-2|Beta,Beta
MZ306165.1|SARS-CoV-2|Beta,Beta
MZ970745.1|SARS-CoV-2|Beta,Beta
MZ164747.1|SARS-CoV-2|Beta,Beta
OU030464.1|SARS-CoV-2|Beta,Beta
OM212470.1|SARS-CoV-2|Beta,Beta
MZ684915.1|SARS-CoV-2|Beta,Beta
ON279263.1|SARS-CoV-2|Beta,Beta
MZ059894.1|SARS-CoV-2|Beta,Beta
MZ306477.1|SARS-CoV-2|Beta,Beta
MZ685153.1|SARS-CoV-2|Beta,Beta
MZ068155.1|SARS-CoV-2|Beta,Beta
OD928483.1|SARS-CoV-2|Beta,Beta
MW905790.1|SARS-CoV-2|Beta,Beta
MW909347.1|SARS-CoV-2|Beta,Beta
MW844243.1|SARS-CoV-2|Beta,Beta
OD917628.1|SARS-CoV-2|Beta,Beta
MW959826.1|SARS-CoV-2|Beta,Beta
MZ780143.1|SARS-CoV-2|Beta,Beta
OD915445.1|SARS-CoV-2|Beta,Beta
MZ281100.1|SARS-CoV-2|Beta,Beta
MZ045205.1|SARS-CoV-2|Beta,Beta
OD922042.1|SARS-CoV-2|Beta,Beta
OM720920.1|SARS-CoV-2|Beta,Beta
OU395744.1|SARS-CoV-2|Beta,Beta
MZ255971.1|SARS-CoV-2|Beta,Beta
MW808030.1|SARS-CoV-2|Beta,Beta
OM721017.1|SARS-CoV-2|Beta,Beta
MZ349711.1|SARS-CoV-2|Beta,Beta
ON078383.1|SARS-CoV-2|Beta,Beta
OU471705.1|SARS-CoV-2|Beta,Beta
MZ280057.1|SARS-CoV-2|Beta,Beta
OD938074.1|SARS-CoV-2|Beta,Beta
ON322591.1|SARS-CoV-2|Beta,Beta
OL983230.1|SARS-CoV-2|Beta,Beta
OM906785.1|SARS-CoV-2|Beta,Beta
MZ394617.1|SARS-CoV-2|Beta,Beta
MZ520108.1|SARS-CoV-2|Beta,Beta
OL810578.1|SARS-CoV-2|Beta,Beta
MZ520100.1|SARS-CoV-2|Beta,Beta
OD960020.1|SARS-CoV-2|Beta,Beta
MZ211279.1|SARS-CoV-2|Beta,Beta
OK320285.1|SARS-CoV-2|Beta,Beta
OM721048.1|SARS-CoV-2|Beta,Beta
OM739219.1|SARS-CoV-2|Beta,Beta
OM062513.1|SARS-CoV-2|Beta,Beta
MZ291414.1|SARS-CoV-2|Beta,Beta
OM725407.1|SARS-CoV-2|Beta,Beta
MW908815.1|SARS-CoV-2|Beta,Beta
MW580574.1|SARS-CoV-2|Beta,Beta
MZ376663.1|SARS-CoV-2|Beta,Beta
MW988616.1|SARS-CoV-2|Beta,Beta
MW763125.1|SARS-CoV-2|Beta,Beta
OM739299.1|SARS-CoV-2|Beta,Beta
MZ186600.1|SARS-CoV-2|Beta,Beta
MZ341810.1|SARS-CoV-2|Beta,Beta
MW880890.1|SARS-CoV-2|Beta,Beta
OM739225.1|SARS-CoV-2|Beta,Beta
MZ238655.1|SARS-CoV-2|Beta,Beta
ON116537.1|SARS-CoV-2|Beta,Beta
OD950234.1|SARS-CoV-2|Beta,Beta
OM062573.1|SARS-CoV-2|Beta,Beta
OL958606.1|SARS-CoV-2|Beta,Beta
MZ287990.1|SARS-CoV-2|Beta,Beta
MZ451706.1|SARS-CoV-2|Beta,Beta
MZ054818.1|SARS-CoV-2|Beta,Beta
MZ056216.1|SARS-CoV-2|Beta,Beta
MZ206665.1|SARS-CoV-2|Beta,Beta
MZ291440.1|SARS-CoV-2|Beta,Beta
OM765477.1|SARS-CoV-2|Beta,Beta
OM725388.1|SARS-CoV-2|Beta,Beta
MZ036415.1|SARS-CoV-2|Beta,Beta
ON281102.1|SARS-CoV-2|Beta,Beta
OM739451.1|SARS-CoV-2|Beta,Beta
MZ453423.1|SARS-CoV-2|Beta,Beta
MZ779853.1|SARS-CoV-2|Beta,Beta
MZ451709.1|SARS-CoV-2|Beta,Beta
MZ215179.1|SARS-CoV-2|Beta,Beta
MZ298847.1|SARS-CoV-2|Beta,Beta
MZ363001.1|SARS-CoV-2|Beta,Beta
MZ498049.1|SARS-CoV-2|Beta,Beta
MZ003064.1|SARS-CoV-2|Beta,Beta
OM725570.1|SARS-CoV-2|Beta,Beta
ON078467.1|SARS-CoV-2|Beta,Beta
OM773360.1|SARS-CoV-2|Beta,Beta
MZ310355.1|SARS-CoV-2|Beta,Beta
OM739565.1|SARS-CoV-2|Beta,Beta
MZ282681.1|SARS-CoV-2|Beta,Beta
MZ075383.1|SARS-CoV-2|Beta,Beta
MZ290725.1|SARS-CoV-2|Beta,Beta
OD974999.1|SARS-CoV-2|Beta,Beta
OM739271.1|SARS-CoV-2|Beta,Beta
MZ283263.1|SARS-CoV-2|Beta,Beta
MZ684754.1|SARS-CoV-2|Beta,Beta
OM725521.1|SARS-CoV-2|Beta,Beta
ON322587.1|SARS-CoV-2|Beta,Beta
MW905875.1|SARS-CoV-2|Beta,Beta
MZ315871.1|SARS-CoV-2|Beta,Beta
MW763127.1|SARS-CoV-2|Beta,Beta
MZ163787.1|SARS-CoV-2|Beta,Beta
OD974984.1|SARS-CoV-2|Beta,Beta
OP522609.1|SARS-CoV-2|Beta,Beta
OL966992.1|SARS-CoV-2|Beta,Beta
MW990488.1|SARS-CoV-2|Beta,Beta
MZ030615.1|SARS-CoV-2|Beta,Beta
MZ238499.1|SARS-CoV-2|Beta,Beta
OM765706.1|SARS-CoV-2|Beta,Beta
MW621453.1|SARS-CoV-2|Beta,Beta
OL980871.1|SARS-CoV-2|Beta,Beta
MZ927137.1|SARS-CoV-2|Beta,Beta
OK341107.1|SARS-CoV-2|Beta,Beta
ON442239.1|SARS-CoV-2|Beta,Beta
OD970635.1|SARS-CoV-2|Beta,Beta
OD982483.1|SARS-CoV-2|Beta,Beta
MZ394620.1|SARS-CoV-2|Beta,Beta
MZ962700.1|SARS-CoV-2|Beta,Beta
ON099774.1|SARS-CoV-2|Beta,Beta
MZ291435.1|SARS-CoV-2|Beta,Beta
MZ259654.1|SARS-CoV-2|Beta,Beta
MW803575.1|SARS-CoV-2|Beta,Beta
MZ001435.1|SARS-CoV-2|Beta,Beta
ON116541.1|SARS-CoV-2|Beta,Beta
OD941620.1|SARS-CoV-2|Beta,Beta
OM739300.1|SARS-CoV-2|Beta,Beta
ON322586.1|SARS-CoV-2|Beta,Beta
OK183005.1|SARS-CoV-2|Beta,Beta
MZ028057.1|SARS-CoV-2|Beta,Beta
OD984973.1|SARS-CoV-2|Beta,Beta
OD969371.1|SARS-CoV-2|Beta,Beta
MZ684404.1|SARS-CoV-2|Beta,Beta
MW763131.1|SARS-CoV-2|Beta,Beta
MZ451711.1|SARS-CoV-2|Beta,Beta
MW993212.1|SARS-CoV-2|Beta,Beta
OM773470.1|SARS-CoV-2|Beta,Beta
OM725561.1|SARS-CoV-2|Beta,Beta
MW990804.1|SARS-CoV-2|Beta,Beta
OM062530.1|SARS-CoV-2|Beta,Beta
OU706341.1|SARS-CoV-2|Beta,Beta
OP053567.1|SARS-CoV-2|Beta,Beta
OM720789.1|SARS-CoV-2|Beta,Beta
MW909222.1|SARS-CoV-2|Beta,Beta
MZ876826.1|SARS-CoV-2|Beta,Beta
ON279211.1|SARS-CoV-2|Beta,Beta
MZ143442.1|SARS-CoV-2|Beta,Beta
MZ059297.1|SARS-CoV-2|Beta,Beta
MZ028926.1|SARS-CoV-2|Beta,Beta
MZ159046.1|SARS-CoV-2|Beta,Beta
OM736179.1|SARS-CoV-2|Beta,Beta
MZ314998.1|SARS-CoV-2|Beta,Beta
ON322654.1|SARS-CoV-2|Beta,Beta
MZ255184.1|SARS-CoV-2|Beta,Beta
MZ068154.1|SARS-CoV-2|Beta,Beta
MZ195719.1|SARS-CoV-2|Beta,Beta
ON575922.1|SARS-CoV-2|Gamma,Gamma
MZ075238.1|SARS-CoV-2|Gamma,Gamma
MZ252827.1|SARS-CoV-2|Gamma,Gamma
MZ278911.1|SARS-CoV-2|Gamma,Gamma
MZ252873.1|SARS-CoV-2|Gamma,Gamma
MZ070367.1|SARS-CoV-2|Gamma,Gamma
MZ316304.1|SARS-CoV-2|Gamma,Gamma
ON575353.1|SARS-CoV-2|Gamma,Gamma
OK342830.1|SARS-CoV-2|Gamma,Gamma
MZ462297.1|SARS-CoV-2|Gamma,Gamma
OL522966.1|SARS-CoV-2|Gamma,Gamma
MZ132267.1|SARS-CoV-2|Gamma,Gamma
OK192575.1|SARS-CoV-2|Gamma,Gamma
MZ255098.1|SARS-CoV-2|Gamma,Gamma
ON184838.1|SARS-CoV-2|Gamma,Gamma
MZ349387.1|SARS-CoV-2|Gamma,Gamma
MZ349808.1|SARS-CoV-2|Gamma,Gamma
MZ010000.1|SARS-CoV-2|Gamma,Gamma
MZ254575.1|SARS-CoV-2|Gamma,Gamma
MZ453597.1|SARS-CoV-2|Gamma,Gamma
ON578328.1|SARS-CoV-2|Gamma,Gamma
MZ710396.1|SARS-CoV-2|Gamma,Gamma
ON576913.1|SARS-CoV-2|Gamma,Gamma
MZ074773.1|SARS-CoV-2|Gamma,Gamma
MZ372770.1|SARS-CoV-2|Gamma,Gamma
MZ282413.1|SARS-CoV-2|Gamma,Gamma
MZ195600.1|SARS-CoV-2|Gamma,Gamma
OM245008.1|SARS-CoV-2|Gamma,Gamma
MZ450202.1|SARS-CoV-2|Gamma,Gamma
ON578592.1|SARS-CoV-2|Gamma,Gamma
MZ022918.1|SARS-CoV-2|Gamma,Gamma
MZ233596.1|SARS-CoV-2|Gamma,Gamma
ON578743.1|SARS-CoV-2|Gamma,Gamma
OM988308.1|SARS-CoV-2|Gamma,Gamma
MZ241043.1|SARS-CoV-2|Gamma,Gamma
ON575828.1|SARS-CoV-2|Gamma,Gamma
MZ184234.1|SARS-CoV-2|Gamma,Gamma
ON575858.1|SARS-CoV-2|Gamma,Gamma
ON017269.1|SARS-CoV-2|Gamma,Gamma
ON577729.1|SARS-CoV-2|Gamma,Gamma
MZ228809.1|SARS-CoV-2|Gamma,Gamma
MZ239762.1|SARS-CoV-2|Gamma,Gamma
MZ084537.1|SARS-CoV-2|Gamma,Gamma
MZ238460.1|SARS-CoV-2|Gamma,Gamma
MZ222419.1|SARS-CoV-2|Gamma,Gamma
MZ211133.1|SARS-CoV-2|Gamma,Gamma
MZ206213.1|SARS-CoV-2|Gamma,Gamma
OK136500.1|SARS-CoV-2|Gamma,Gamma
ON576892.1|SARS-CoV-2|Gamma,Gamma
ON577167.1|SARS-CoV-2|Gamma,Gamma
ON575739.1|SARS-CoV-2|Gamma,Gamma
MW963293.1|SARS-CoV-2|Gamma,Gamma
ON577802.1|SARS-CoV-2|Gamma,Gamma
MW932574.1|SARS-CoV-2|Gamma,Gamma
MZ322068.1|SARS-CoV-2|Gamma,Gamma
MZ512846.1|SARS-CoV-2|Gamma,Gamma
ON575834.1|SARS-CoV-2|Gamma,Gamma
OK319359.1|SARS-CoV-2|Gamma,Gamma
ON148782.1|SARS-CoV-2|Gamma,Gamma
OL522291.1|SARS-CoV-2|Gamma,Gamma
MZ392151.1|SARS-CoV-2|Gamma,Gamma
MZ076305.1|SARS-CoV-2|Gamma,Gamma
MZ536430.1|SARS-CoV-2|Gamma,Gamma
MZ233769.1|SARS-CoV-2|Gamma,Gamma
MZ356671.1|SARS-CoV-2|Gamma,Gamma
MZ450492.1|SARS-CoV-2|Gamma,Gamma
MZ229050.1|SARS-CoV-2|Gamma,Gamma
OM463396.1|SARS-CoV-2|Gamma,Gamma
MZ240388.1|SARS-CoV-2|Gamma,Gamma
MZ942863.1|SARS-CoV-2|Gamma,Gamma
MZ412272.1|SARS-CoV-2|Gamma,Gamma
MW915330.1|SARS-CoV-2|Gamma,Gamma
MZ185115.1|SARS-CoV-2|Gamma,Gamma
ON116266.1|SARS-CoV-2|Gamma,Gamma
ON577609.1|SARS-CoV-2|Gamma,Gamma
MZ167833.1|SARS-CoV-2|Gamma,Gamma
MZ337593.1|SARS-CoV-2|Gamma,Gamma
ON577198.1|SARS-CoV-2|Gamma,Gamma
MZ493960.1|SARS-CoV-2|Gamma,Gamma
OL548834.1|SARS-CoV-2|Gamma,Gamma
MW963219.1|SARS-CoV-2|Gamma,Gamma
MZ211040.1|SARS-CoV-2|Gamma,Gamma
OL532657.1|SARS-CoV-2|Gamma,Gamma
MZ579483.1|SARS-CoV-2|Gamma,Gamma
OK234507.1|SARS-CoV-2|Gamma,Gamma
MZ291038.1|SARS-CoV-2|Gamma,Gamma
MZ356728.1|SARS-CoV-2|Gamma,Gamma
MZ194152.1|SARS-CoV-2|Gamma,Gamma
ON577971.1|SARS-CoV-2|Gamma,Gamma
ON575737.1|SARS-CoV-2|Gamma,Gamma
MZ472690.1|SARS-CoV-2|Gamma,Gamma
ON578634.1|SARS-CoV-2|Gamma,Gamma
ON574825.1|SARS-CoV-2|Gamma,Gamma
ON577523.1|SARS-CoV-2|Gamma,Gamma
MZ252530.1|SARS-CoV-2|Gamma,Gamma
MZ930685.1|SARS-CoV-2|Gamma,Gamma
MZ511687.1|SARS-CoV-2|Gamma,Gamma
MW968761.1|SARS-CoV-2|Gamma,Gamma
MZ320977.1|SARS-CoV-2|Gamma,Gamma
MZ240300.1|SARS-CoV-2|Gamma,Gamma
MZ201845.1|SARS-CoV-2|Gamma,Gamma
MZ184075.1|SARS-CoV-2|Gamma,Gamma
MZ009221.1|SARS-CoV-2|Gamma,Gamma
MZ037409.1|SARS-CoV-2|Gamma,Gamma
ON577278.1|SARS-CoV-2|Gamma,Gamma
OL544041.1|SARS-CoV-2|Gamma,Gamma
OL532086.1|SARS-CoV-2|Gamma,Gamma
MZ228682.1|SARS-CoV-2|Gamma,Gamma
ON577086.1|SARS-CoV-2|Gamma,Gamma
MZ386538.1|SARS-CoV-2|Gamma,Gamma
MZ372206.1|SARS-CoV-2|Gamma,Gamma
MZ356640.1|SARS-CoV-2|Gamma,Gamma
MZ319397.1|SARS-CoV-2|Gamma,Gamma
MZ704808.1|SARS-CoV-2|Gamma,Gamma
ON576812.1|SARS-CoV-2|Gamma,Gamma
ON304595.1|SARS-CoV-2|Gamma,Gamma
MZ060106.1|SARS-CoV-2|Gamma,Gamma
MZ060768.1|SARS-CoV-2|Gamma,Gamma
MZ493965.1|SARS-CoV-2|Gamma,Gamma
MZ160362.1|SARS-CoV-2|Gamma,Gamma
OM463378.1|SARS-CoV-2|Gamma,Gamma
MW990777.1|SARS-CoV-2|Gamma,Gamma
MZ290927.1|SARS-CoV-2|Gamma,Gamma
MZ531600.1|SARS-CoV-2|Gamma,Gamma
MZ076763.1|SARS-CoV-2|Gamma,Gamma
OK123577.1|SARS-CoV-2|Gamma,Gamma
ON577542.1|SARS-CoV-2|Gamma,Gamma
MZ415685.1|SARS-CoV-2|Gamma,Gamma
OK570734.1|SARS-CoV-2|Gamma,Gamma
ON576502.1|SARS-CoV-2|Gamma,Gamma
ON575424.1|SARS-CoV-2|Gamma,Gamma
MZ277929.1|SARS-CoV-2|Gamma,Gamma
MZ666781.1|SARS-CoV-2|Gamma,Gamma
MZ280743.1|SARS-CoV-2|Gamma,Gamma
ON017216.1|SARS-CoV-2|Gamma,Gamma
MZ277930.1|SARS-CoV-2|Gamma,Gamma
MZ035824.1|SARS-CoV-2|Gamma,Gamma
ON575743.1|SARS-CoV-2|Gamma,Gamma
ON577207.1|SARS-CoV-2|Gamma,Gamma
MZ342561.1|SARS-CoV-2|Gamma,Gamma
MZ283525.1|SARS-CoV-2|Gamma,Gamma
MZ023289.1|SARS-CoV-2|Gamma,Gamma
MZ450384.1|SARS-CoV-2|Gamma,Gamma
ON583694.1|SARS-CoV-2|Gamma,Gamma
ON578689.1|SARS-CoV-2|Gamma,Gamma
MZ086490.1|SARS-CoV-2|Gamma,Gamma
MZ149295.1|SARS-CoV-2|Gamma,Gamma
MZ290194.1|SARS-CoV-2|Gamma,Gamma
MZ210117.1|SARS-CoV-2|Gamma,Gamma
OK550226.1|SARS-CoV-2|Gamma,Gamma
OL522253.1|SARS-CoV-2|Gamma,Gamma
MZ530991.1|SARS-CoV-2|Gamma,Gamma
ON576989.1|SARS-CoV-2|Gamma,Gamma
ON577072.1|SARS-CoV-2|Gamma,Gamma
MZ565780.1|SARS-CoV-2|Gamma,Gamma
MZ322060.1|SARS-CoV-2|Gamma,Gamma
ON575808.1|SARS-CoV-2|Gamma,Gamma
MZ315618.1|SARS-CoV-2|Gamma,Gamma
ON576999.1|SARS-CoV-2|Gamma,Gamma
ON576577.1|SARS-CoV-2|Gamma,Gamma
MZ386235.1|SARS-CoV-2|Gamma,Gamma
OL543944.1|SARS-CoV-2|Gamma,Gamma
MZ211340.1|SARS-CoV-2|Gamma,Gamma
OM244939.1|SARS-CoV-2|Gamma,Gamma
MZ280382.1|SARS-CoV-2|Gamma,Gamma
OK501337.1|SARS-CoV-2|Gamma,Gamma
ON575779.1|SARS-CoV-2|Gamma,Gamma
ON575833.1|SARS-CoV-2|Gamma,Gamma
MZ451759.1|SARS-CoV-2|Gamma,Gamma
MZ538725.1|SARS-CoV-2|Gamma,Gamma
MZ558265.1|SARS-CoV-2|Gamma,Gamma
MZ411793.1|SARS-CoV-2|Gamma,Gamma
MZ685734.1|SARS-CoV-2|Gamma,Gamma
MZ238435.1|SARS-CoV-2|Gamma,Gamma
MZ492452.1|SARS-CoV-2|Gamma,Gamma
MZ377943.1|SARS-CoV-2|Gamma,Gamma
MZ340767.1|SARS-CoV-2|Gamma,Gamma
MZ058122.1|SARS-CoV-2|Gamma,Gamma
OK292043.1|SARS-CoV-2|Gamma,Gamma
MZ060569.1|SARS-CoV-2|Gamma,Gamma
ON577891.1|SARS-CoV-2|Gamma,Gamma
MZ025436.1|SARS-CoV-2|Gamma,Gamma
MW963297.1|SARS-CoV-2|Gamma,Gamma
OL522981.1|SARS-CoV-2|Gamma,Gamma
MZ058011.1|SARS-CoV-2|Gamma,Gamma
MZ244400.1|SARS-CoV-2|Gamma,Gamma
ON578152.1|SARS-CoV-2|Gamma,Gamma
MZ144372.1|SARS-CoV-2|Gamma,Gamma
MZ022985.1|SARS-CoV-2|Gamma,Gamma
MZ316272.1|SARS-CoV-2|Gamma,Gamma
MZ865218.1|SARS-CoV-2|Gamma,Gamma
MZ023109.1|SARS-CoV-2|Gamma,Gamma
ON113719.1|SARS-CoV-2|Gamma,Gamma
ON574646.1|SARS-CoV-2|Gamma,Gamma
MZ213359.1|SARS-CoV-2|Gamma,Gamma
MZ075676.1|SARS-CoV-2|Gamma,Gamma
OK251381.1|SARS-CoV-2|Gamma,Gamma
ON576882.1|SARS-CoV-2|Gamma,Gamma
MZ533142.1|SARS-CoV-2|Gamma,Gamma
MZ414942.1|SARS-CoV-2|Gamma,Gamma
OK040902.1|SARS-CoV-2|Gamma,Gamma
MZ296786.1|SARS-CoV-2|Gamma,Gamma
ON574669.1|SARS-CoV-2|Gamma,Gamma
OL532702.1|SARS-CoV-2|Gamma,Gamma
MW990672.1|SARS-CoV-2|Gamma,Gamma
OL522593.1|SARS-CoV-2|Gamma,Gamma
MZ307821.1|SARS-CoV-2|Gamma,Gamma
MZ188473.1|SARS-CoV-2|Gamma,Gamma
ON577106.1|SARS-CoV-2|Gamma,Gamma
ON574850.1|SARS-CoV-2|Gamma,Gamma
ON577047.1|SARS-CoV-2|Gamma,Gamma
MZ943382.1|SARS-CoV-2|Gamma,Gamma
MZ038201.1|SARS-CoV-2|Gamma,Gamma
MZ597821.1|SARS-CoV-2|Gamma,Gamma
MZ414985.1|SARS-CoV-2|Gamma,Gamma
ON574872.1|SARS-CoV-2|Gamma,Gamma
MZ291054.1|SARS-CoV-2|Gamma,Gamma
ON577223.1|SARS-CoV-2|Gamma,Gamma
MZ597810.1|SARS-CoV-2|Gamma,Gamma
MZ154517.1|SARS-CoV-2|Gamma,Gamma
MZ398888.1|SARS-CoV-2|Gamma,Gamma
MZ329256.1|SARS-CoV-2|Gamma,Gamma
MZ183989.1|SARS-CoV-2|Gamma,Gamma
MZ536610.1|SARS-CoV-2|Gamma,Gamma
ON577534.1|SARS-CoV-2|Gamma,Gamma
ON576948.1|SARS-CoV-2|Gamma,Gamma
MZ071258.1|SARS-CoV-2|Gamma,Gamma
MZ132775.1|SARS-CoV-2|Gamma,Gamma
MZ536444.1|SARS-CoV-2|Gamma,Gamma
MZ376517.1|SARS-CoV-2|Gamma,Gamma
OK233617.1|SARS-CoV-2|Gamma,Gamma
MZ368498.1|SARS-CoV-2|Gamma,Gamma
MZ163419.1|SARS-CoV-2|Gamma,Gamma
ON577769.1|SARS-CoV-2|Gamma,Gamma
MZ154453.1|SARS-CoV-2|Gamma,Gamma
MZ186204.1|SARS-CoV-2|Gamma,Gamma
ON575513.1|SARS-CoV-2|Gamma,Gamma
MZ073089.1|SARS-CoV-2|Gamma,Gamma
MZ278795.1|SARS-CoV-2|Gamma,Gamma
MZ320531.1|SARS-CoV-2|Gamma,Gamma
MZ634270.1|SARS-CoV-2|Gamma,Gamma
OL524747.1|SARS-CoV-2|Gamma,Gamma
MZ284020.1|SARS-CoV-2|Gamma,Gamma
MZ704454.1|SARS-CoV-2|Gamma,Gamma
MZ278423.1|SARS-CoV-2|Gamma,Gamma
MZ376146.1|SARS-CoV-2|Gamma,Gamma
ON574764.1|SARS-CoV-2|Gamma,Gamma
MZ611971.1|SARS-CoV-2|Gamma,Gamma
MZ533470.1|SARS-CoV-2|Gamma,Gamma
MZ850703.1|SARS-CoV-2|Gamma,Gamma
OK224377.1|SARS-CoV-2|Delta,Delta
OK009494.1|SARS-CoV-2|Delta,Delta
OL877585.1|SARS-CoV-2|Delta,Delta
MZ965623.1|SARS-CoV-2|Delta,Delta
OK469956.1|SARS-CoV-2|Delta,Delta
OL757811.1|SARS-CoV-2|Delta,Delta
ON281123.1|SARS-CoV-2|Delta,Delta
OL897785.1|SARS-CoV-2|Delta,Delta
OK235535.1|SARS-CoV-2|Delta,Delta
OK104652.1|SARS-CoV-2|Delta,Delta
OL785528.1|SARS-CoV-2|Delta,Delta
OP397997.1|SARS-CoV-2|Delta,Delta
ON432378.1|SARS-CoV-2|Delta,Delta
OK568422.1|SARS-CoV-2|Delta,Delta
OL710188.1|SARS-CoV-2|Delta,Delta
OL535406.1|SARS-CoV-2|Delta,Delta
OK243789.1|SARS-CoV-2|Delta,Delta
OK567780.1|SARS-CoV-2|Delta,Delta
MZ703740.1|SARS-CoV-2|Delta,Delta
OK238087.1|SARS-CoV-2|Delta,Delta
OK056191.1|SARS-CoV-2|Delta,Delta
MZ849165.1|SARS-CoV-2|Delta,Delta
OK129804.1|SARS-CoV-2|Delta,Delta
OK580461.1|SARS-CoV-2|Delta,Delta
ON269588.1|SARS-CoV-2|Delta,Delta
OL711227.1|SARS-CoV-2|Delta,Delta
OK015368.1|SARS-CoV-2|Delta,Delta
OK045155.1|SARS-CoV-2|Delta,Delta
ON439169.1|SARS-CoV-2|Delta,Delta
OM054427.1|SARS-CoV-2|Delta,Delta
OL856536.1|SARS-CoV-2|Delta,Delta
OM256336.1|SARS-CoV-2|Delta,Delta
OK028479.1|SARS-CoV-2|Delta,Delta
OM035088.1|SARS-CoV-2|Delta,Delta
OK104617.1|SARS-CoV-2|Delta,Delta
OM462781.1|SARS-CoV-2|Delta,Delta
OK621377.1|SARS-CoV-2|Delta,Delta
MZ683807.1|SARS-CoV-2|Delta,Delta
OM188333.1|SARS-CoV-2|Delta,Delta
OK269668.1|SARS-CoV-2|Delta,Delta
OK269259.1|SARS-CoV-2|Delta,Delta
OW510445.1|SARS-CoV-2|Delta,Delta
OL819565.1|SARS-CoV-2|Delta,Delta
ON581622.1|SARS-CoV-2|Delta,Delta
OL351386.1|SARS-CoV-2|Delta,Delta
OK119942.1|SARS-CoV-2|Delta,Delta
OL921111.1|SARS-CoV-2|Delta,Delta
ON281419.1|SARS-CoV-2|Delta,Delta
MZ797121.1|SARS-CoV-2|Delta,Delta
OK008273.1|SARS-CoV-2|Delta,Delta
OM045101.1|SARS-CoV-2|Delta,Delta
OK356455.1|SARS-CoV-2|Delta,Delta
OM068988.1|SARS-CoV-2|Delta,Delta
OL524672.1|SARS-CoV-2|Delta,Delta
OK080620.1|SARS-CoV-2|Delta,Delta
OK494570.1|SARS-CoV-2|Delta,Delta
ON271753.1|SARS-CoV-2|Delta,Delta
OW099008.1|SARS-CoV-2|Delta,Delta
OK236054.1|SARS-CoV-2|Delta,Delta
OK224137.1|SARS-CoV-2|Delta,Delta
OK404373.1|SARS-CoV-2|Delta,Delta
MZ938960.1|SARS-CoV-2|Delta,Delta
MZ822963.1|SARS-CoV-2|Delta,Delta
OM111650.1|SARS-CoV-2|Delta,Delta
OK649569.1|SARS-CoV-2|Delta,Delta
OK148247.1|SARS-CoV-2|Delta,Delta
OK005579.1|SARS-CoV-2|Delta,Delta
OL533058.1|SARS-CoV-2|Delta,Delta
OM182205.1|SARS-CoV-2|Delta,Delta
MZ591587.1|SARS-CoV-2|Delta,Delta
MZ354207.1|SARS-CoV-2|Delta,Delta
OL527044.1|SARS-CoV-2|Delta,Delta
OK198414.1|SARS-CoV-2|Delta,Delta
OK006210.1|SARS-CoV-2|Delta,Delta
OK006308.1|SARS-CoV-2|Delta,Delta
OM961274.1|SARS-CoV-2|Delta,Delta
OM462251.1|SARS-CoV-2|Delta,Delta
OU389327.1|SARS-CoV-2|Delta,Delta
OK222224.1|SARS-CoV-2|Delta,Delta
OM190660.1|SARS-CoV-2|Delta,Delta
OL721097.1|SARS-CoV-2|Delta,Delta
OL945412.1|SARS-CoV-2|Delta,Delta
OL838005.1|SARS-CoV-2|Delta,Delta
OK550148.1|SARS-CoV-2|Delta,Delta
OK025503.1|SARS-CoV-2|Delta,Delta
OL526861.1|SARS-CoV-2|Delta,Delta
OM142081.1|SARS-CoV-2|Delta,Delta
OM179093.1|SARS-CoV-2|Delta,Delta
OL922980.1|SARS-CoV-2|Delta,Delta
OK134657.1|SARS-CoV-2|Delta,Delta
OL922615.1|SARS-CoV-2|Delta,Delta
OX314511.1|SARS-CoV-2|Delta,Delta
OL864881.1|SARS-CoV-2|Delta,Delta
OM466530.1|SARS-CoV-2|Delta,Delta
OK117945.1|SARS-CoV-2|Delta,Delta
OK268772.1|SARS-CoV-2|Delta,Delta
OK461489.1|SARS-CoV-2|Delta,Delta
OK594469.1|SARS-CoV-2|Delta,Delta
MZ877320.1|SARS-CoV-2|Delta,Delta
ON432021.1|SARS-CoV-2|Delta,Delta
OP711855.1|SARS-CoV-2|Delta,Delta
OL580533.1|SARS-CoV-2|Delta,Delta
OK399505.1|SARS-CoV-2|Delta,Delta
OL911523.1|SARS-CoV-2|Delta,Delta
OK025720.1|SARS-CoV-2|Delta,Delta
OL856632.1|SARS-CoV-2|Delta,Delta
OM653925.1|SARS-CoV-2|Delta,Delta
OL939867.1|SARS-CoV-2|Delta,Delta
OK189617.1|SARS-CoV-2|Delta,Delta
OL966495.1|SARS-CoV-2|Delta,Delta
OK642626.1|SARS-CoV-2|Delta,Delta
OM689003.1|SARS-CoV-2|Delta,Delta
OL358381.1|SARS-CoV-2|Delta,Delta
OU808519.1|SARS-CoV-2|Delta,Delta
OK405590.1|SARS-CoV-2|Delta,Delta
OK472735.1|SARS-CoV-2|Delta,Delta
MZ885455.1|SARS-CoV-2|Delta,Delta
OK250000.1|SARS-CoV-2|Delta,Delta
MZ849473.1|SARS-CoV-2|Delta,Delta
OL525041.1|SARS-CoV-2|Delta,Delta
OK197333.1|SARS-CoV-2|Delta,Delta
ON339171.1|SARS-CoV-2|Delta,Delta
OK023377.1|SARS-CoV-2|Delta,Delta
ON287534.1|SARS-CoV-2|Delta,Delta
MZ786905.1|SARS-CoV-2|Delta,Delta
ON287725.1|SARS-CoV-2|Delta,Delta
OK023215.1|SARS-CoV-2|Delta,Delta
OW469103.1|SARS-CoV-2|Delta,Delta
OK104590.1|SARS-CoV-2|Delta,Delta
OL911011.1|SARS-CoV-2|Delta,Delta
MZ741624.1|SARS-CoV-2|Delta,Delta
OK012809.1|SARS-CoV-2|Delta,Delta
OK262560.1|SARS-CoV-2|Delta,Delta
OL711070.1|SARS-CoV-2|Delta,Delta
MZ877452.1|SARS-CoV-2|Delta,Delta
OK304546.1|SARS-CoV-2|Delta,Delta
OM961234.1|SARS-CoV-2|Delta,Delta
ON581122.1|SARS-CoV-2|Delta,Delta
OK379466.1|SARS-CoV-2|Delta,Delta
MZ371785.1|SARS-CoV-2|Delta,Delta
OM442504.1|SARS-CoV-2|Delta,Delta
OK027060.1|SARS-CoV-2|Delta,Delta
OK468856.1|SARS-CoV-2|Delta,Delta
OK128828.1|SARS-CoV-2|Delta,Delta
OK571260.1|SARS-CoV-2|Delta,Delta
OL865101.1|SARS-CoV-2|Delta,Delta
OK394066.1|SARS-CoV-2|Delta,Delta
OL987657.1|SARS-CoV-2|Delta,Delta
OL721969.1|SARS-CoV-2|Delta,Delta
ON283077.1|SARS-CoV-2|Delta,Delta
OL720808.1|SARS-CoV-2|Delta,Delta
ON438116.1|SARS-CoV-2|Delta,Delta
OK002127.1|SARS-CoV-2|Delta,Delta
OK410582.1|SARS-CoV-2|Delta,Delta
OX299397.1|SARS-CoV-2|Delta,Delta
MZ995588.1|SARS-CoV-2|Delta,Delta
MZ671700.1|SARS-CoV-2|Delta,Delta
OM000494.1|SARS-CoV-2|Delta,Delta
OL777868.1|SARS-CoV-2|Delta,Delta
OK303986.1|SARS-CoV-2|Delta,Delta
OX307998.1|SARS-CoV-2|Delta,Delta
OK273540.1|SARS-CoV-2|Delta,Delta
OM067070.1|SARS-CoV-2|Delta,Delta
MZ849554.1|SARS-CoV-2|Delta,Delta
ON474586.1|SARS-CoV-2|Delta,Delta
MZ535011.1|SARS-CoV-2|Delta,Delta
OP444177.1|SARS-CoV-2|Delta,Delta
OU991792.1|SARS-CoV-2|Delta,Delta
OM883832.1|SARS-CoV-2|Delta,Delta
OK294230.1|SARS-CoV-2|Delta,Delta
MZ704161.1|SARS-CoV-2|Delta,Delta
OK010135.1|SARS-CoV-2|Delta,Delta
OK085050.1|SARS-CoV-2|Delta,Delta
OK281460.1|SARS-CoV-2|Delta,Delta
OM162667.1|SARS-CoV-2|Delta,Delta
OK319176.1|SARS-CoV-2|Delta,Delta
OL881656.1|SARS-CoV-2|Delta,Delta
OV193470.1|SARS-CoV-2|Delta,Delta
OL856165.1|SARS-CoV-2|Delta,Delta
OX307883.1|SARS-CoV-2|Delta,Delta
OK459037.1|SARS-CoV-2|Delta,Delta
OM691218.1|SARS-CoV-2|Delta,Delta
OK225270.1|SARS-CoV-2|Delta,Delta
OM006088.1|SARS-CoV-2|Delta,Delta
OM135752.1|SARS-CoV-2|Delta,Delta
OK121332.1|SARS-CoV-2|Delta,Delta
OU799426.1|SARS-CoV-2|Delta,Delta
MZ704940.1|SARS-CoV-2|Delta,Delta
MZ985390.1|SARS-CoV-2|Delta,Delta
MZ754932.1|SARS-CoV-2|Delta,Delta
OL882218.1|SARS-CoV-2|Delta,Delta
OL958470.1|SARS-CoV-2|Delta,Delta
OM143866.1|SARS-CoV-2|Delta,Delta
OK130957.1|SARS-CoV-2|Delta,Delta
MZ777750.1|SARS-CoV-2|Delta,Delta
OM149218.1|SARS-CoV-2|Delta,Delta
OK023211.1|SARS-CoV-2|Delta,Delta
MZ745420.1|SARS-CoV-2|Delta,Delta
ON446837.1|SARS-CoV-2|Delta,Delta
OK018526.1|SARS-CoV-2|Delta,Delta
OM244630.1|SARS-CoV-2|Delta,Delta
MZ828153.1|SARS-CoV-2|Delta,Delta
OK318079.1|SARS-CoV-2|Delta,Delta
OK402429.1|SARS-CoV-2|Delta,Delta
OL966149.1|SARS-CoV-2|Delta,Delta
OM487179.1|SARS-CoV-2|Delta,Delta
OL721568.1|SARS-CoV-2|Delta,Delta
OK197717.1|SARS-CoV-2|Delta,Delta
OU814309.1|SARS-CoV-2|Delta,Delta
MZ710674.1|SARS-CoV-2|Delta,Delta
OX315317.1|SARS-CoV-2|Delta,Delta
OK122253.1|SARS-CoV-2|Delta,Delta
OV315305.1|SARS-CoV-2|Delta,Delta
MZ281874.1|SARS-CoV-2|Delta,Delta
OK651530.1|SARS-CoV-2|Delta,Delta
OL527014.1|SARS-CoV-2|Delta,Delta
OL333639.1|SARS-CoV-2|Delta,Delta
OP566128.1|SARS-CoV-2|Delta,Delta
OK293367.1|SARS-CoV-2|Delta,Delta
OK501448.1|SARS-CoV-2|Delta,Delta
MZ843471.1|SARS-CoV-2|Delta,Delta
OK002499.1|SARS-CoV-2|Delta,Delta
OM779927.1|SARS-CoV-2|Delta,Delta
OK189850.1|SARS-CoV-2|Delta,Delta
OL784725.1|SARS-CoV-2|Delta,Delta
OM012079.1|SARS-CoV-2|Delta,Delta
OL986712.1|SARS-CoV-2|Delta,Delta
OL757797.1|SARS-CoV-2|Delta,Delta
OL844940.1|SARS-CoV-2|Delta,Delta
MZ987249.1|SARS-CoV-2|Delta,Delta
OK296186.1|SARS-CoV-2|Delta,Delta
OM190359.1|SARS-CoV-2|Delta,Delta
OK484005.1|SARS-CoV-2|Delta,Delta
OK078617.1|SARS-CoV-2|Delta,Delta
OV318352.1|SARS-CoV-2|Delta,Delta
OK011175.1|SARS-CoV-2|Delta,Delta
MZ714971.1|SARS-CoV-2|Delta,Delta
OK119743.1|SARS-CoV-2|Delta,Delta
OK152456.1|SARS-CoV-2|Delta,Delta
OK104599.1|SARS-CoV-2|Delta,Delta
OU394824.1|SARS-CoV-2|Delta,Delta
OM149079.1|SARS-CoV-2|Delta,Delta
MZ860694.1|SARS-CoV-2|Delta,Delta
OL718412.1|SARS-CoV-2|Delta,Delta
OL773729.1|SARS-CoV-2|Delta,Delta
OL352447.1|SARS-CoV-2|Delta,Delta
OK022706.1|SARS-CoV-2|Delta,Delta
ON099920.1|SARS-CoV-2|Delta,Delta
OK501517.1|SARS-CoV-2|Delta,Delta
OM246139.1|SARS-CoV-2|Delta,Delta
MZ210278.1|SARS-CoV-2|Kappa,Kappa
OK246830.1|SARS-CoV-2|Kappa,Kappa
MZ206438.1|SARS-CoV-2|Kappa,Kappa
ON532082.1|SARS-CoV-2|Kappa,Kappa
MZ562756.1|SARS-CoV-2|Kappa,Kappa
MZ061059.1|SARS-CoV-2|Kappa,Kappa
OM915404.1|SARS-CoV-2|Kappa,Kappa
MZ558102.1|SARS-CoV-2|Kappa,Kappa
MZ257556.1|SARS-CoV-2|Kappa,Kappa
MZ342807.1|SARS-CoV-2|Kappa,Kappa
MZ294244.1|SARS-CoV-2|Kappa,Kappa
MZ085811.1|SARS-CoV-2|Kappa,Kappa
MZ562759.1|SARS-CoV-2|Kappa,Kappa
OK194572.1|SARS-CoV-2|Kappa,Kappa
MZ269263.1|SARS-CoV-2|Kappa,Kappa
MZ562747.1|SARS-CoV-2|Kappa,Kappa
MZ142276.1|SARS-CoV-2|Kappa,Kappa
MZ037253.1|SARS-CoV-2|Kappa,Kappa
MZ100347.1|SARS-CoV-2|Kappa,Kappa
MW966601.1|SARS-CoV-2|Kappa,Kappa
MZ571142.1|SARS-CoV-2|Kappa,Kappa
MZ283907.1|SARS-CoV-2|Kappa,Kappa
MW901665.1|SARS-CoV-2|Kappa,Kappa
MZ164102.1|SARS-CoV-2|Kappa,Kappa
OU815081.1|SARS-CoV-2|Kappa,Kappa
MZ288277.1|SARS-CoV-2|Kappa,Kappa
MZ359881.1|SARS-CoV-2|Kappa,Kappa
MZ100706.1|SARS-CoV-2|Epsilon,Epsilon
MZ085332.1|SARS-CoV-2|Epsilon,Epsilon
MZ910933.1|SARS-CoV-2|Epsilon,Epsilon
MW788836.1|SARS-CoV-2|Epsilon,Epsilon
MW758854.1|SARS-CoV-2|Epsilon,Epsilon
MW855714.1|SARS-CoV-2|Epsilon,Epsilon
MW923587.1|SARS-CoV-2|Epsilon,Epsilon
MW737930.1|SARS-CoV-2|Epsilon,Epsilon
MW994343.1|SARS-CoV-2|Epsilon,Epsilon
MW967400.1|SARS-CoV-2|Epsilon,Epsilon
MZ474161.1|SARS-CoV-2|Epsilon,Epsilon
OK653517.1|SARS-CoV-2|Epsilon,Epsilon
OK218295.1|SARS-CoV-2|Epsilon,Epsilon
MW868408.1|SARS-CoV-2|Epsilon,Epsilon
MZ710335.1|SARS-CoV-2|Epsilon,Epsilon
MZ022231.1|SARS-CoV-2|Epsilon,Epsilon
MW793637.1|SARS-CoV-2|Epsilon,Epsilon
MW738535.1|SARS-CoV-2|Epsilon,Epsilon
MW586568.1|SARS-CoV-2|Epsilon,Epsilon
MW596174.1|SARS-CoV-2|Epsilon,Epsilon
OM128954.1|SARS-CoV-2|Epsilon,Epsilon
MZ258923.1|SARS-CoV-2|Epsilon,Epsilon
MZ377636.1|SARS-CoV-2|Epsilon,Epsilon
MZ013756.1|SARS-CoV-2|Epsilon,Epsilon
MW923549.1|SARS-CoV-2|Epsilon,Epsilon
OL844498.1|SARS-CoV-2|Epsilon,Epsilon
MW921941.1|SARS-CoV-2|Epsilon,Epsilon
MZ635732.1|SARS-CoV-2|Epsilon,Epsilon
MZ258711.1|SARS-CoV-2|Epsilon,Epsilon
MW739514.1|SARS-CoV-2|Epsilon,Epsilon
MW736694.1|SARS-CoV-2|Epsilon,Epsilon
OM129055.1|SARS-CoV-2|Epsilon,Epsilon
MZ258943.1|SARS-CoV-2|Epsilon,Epsilon
MZ214530.1|SARS-CoV-2|Epsilon,Epsilon
MZ207165.1|SARS-CoV-2|Epsilon,Epsilon
MZ206922.1|SARS-CoV-2|Epsilon,Epsilon
MW851084.1|SARS-CoV-2|Epsilon,Epsilon
MZ035275.1|SARS-CoV-2|Epsilon,Epsilon
MZ239951.1|SARS-CoV-2|Epsilon,Epsilon
MW701147.1|SARS-CoV-2|Epsilon,Epsilon
MW923602.1|SARS-CoV-2|Epsilon,Epsilon
MZ023199.1|SARS-CoV-2|Epsilon,Epsilon
ON316667.1|SARS-CoV-2|Epsilon,Epsilon
MW838440.2|SARS-CoV-2|Epsilon,Epsilon
OM245058.1|SARS-CoV-2|Epsilon,Epsilon
MZ378107.1|SARS-CoV-2|Epsilon,Epsilon
MZ414719.1|SARS-CoV-2|Epsilon,Epsilon
MW777277.1|SARS-CoV-2|Epsilon,Epsilon
ON011231.1|SARS-CoV-2|Epsilon,Epsilon
MZ187775.1|SARS-CoV-2|Epsilon,Epsilon
OL372329.1|SARS-CoV-2|Epsilon,Epsilon
ON340269.1|SARS-CoV-2|Epsilon,Epsilon
MW700660.1|SARS-CoV-2|Epsilon,Epsilon
MZ195771.1|SARS-CoV-2|Epsilon,Epsilon
ON216800.1|SARS-CoV-2|Epsilon,Epsilon
ON340031.1|SARS-CoV-2|Epsilon,Epsilon
MW969436.1|SARS-CoV-2|Epsilon,Epsilon
OL540554.1|SARS-CoV-2|Epsilon,Epsilon
MZ349468.1|SARS-CoV-2|Epsilon,Epsilon
ON343293.1|SARS-CoV-2|Epsilon,Epsilon
MZ168255.1|SARS-CoV-2|Epsilon,Epsilon
MZ473535.1|SARS-CoV-2|Epsilon,Epsilon
MZ462459.1|SARS-CoV-2|Epsilon,Epsilon
OK188175.1|SARS-CoV-2|Epsilon,Epsilon
MW702258.1|SARS-CoV-2|Epsilon,Epsilon
MZ188419.1|SARS-CoV-2|Epsilon,Epsilon
MW973914.1|SARS-CoV-2|Epsilon,Epsilon
MZ454576.1|SARS-CoV-2|Epsilon,Epsilon
OK547381.1|SARS-CoV-2|Epsilon,Epsilon
MW736712.1|SARS-CoV-2|Epsilon,Epsilon
MZ012497.1|SARS-CoV-2|Epsilon,Epsilon
MW848975.1|SARS-CoV-2|Epsilon,Epsilon
ON340376.1|SARS-CoV-2|Epsilon,Epsilon
MW994142.1|SARS-CoV-2|Epsilon,Epsilon
MW778486.1|SARS-CoV-2|Epsilon,Epsilon
MW868794.1|SARS-CoV-2|Epsilon,Epsilon
OP143269.1|SARS-CoV-2|Epsilon,Epsilon
MZ670072.1|SARS-CoV-2|Epsilon,Epsilon
MZ086245.1|SARS-CoV-2|Epsilon,Epsilon
MZ196376.1|SARS-CoV-2|Epsilon,Epsilon
MW897462.1|SARS-CoV-2|Epsilon,Epsilon
OP143237.1|SARS-CoV-2|Epsilon,Epsilon
MW891120.1|SARS-CoV-2|Epsilon,Epsilon
MZ206760.1|SARS-CoV-2|Epsilon,Epsilon
MZ060971.1|SARS-CoV-2|Epsilon,Epsilon
MW968366.1|SARS-CoV-2|Epsilon,Epsilon
MZ086380.1|SARS-CoV-2|Epsilon,Epsilon
MW988510.1|SARS-CoV-2|Epsilon,Epsilon
MZ075372.1|SARS-CoV-2|Epsilon,Epsilon
ON343080.1|SARS-CoV-2|Epsilon,Epsilon
MW731292.1|SARS-CoV-2|Epsilon,Epsilon
OK547464.1|SARS-CoV-2|Epsilon,Epsilon
MZ373454.1|SARS-CoV-2|Epsilon,Epsilon
MW693707.1|SARS-CoV-2|Epsilon,Epsilon
MW966646.1|SARS-CoV-2|Epsilon,Epsilon
ON339792.1|SARS-CoV-2|Epsilon,Epsilon
MW903404.1|SARS-CoV-2|Epsilon,Epsilon
MZ258661.1|SARS-CoV-2|Epsilon,Epsilon
OK653586.1|SARS-CoV-2|Epsilon,Epsilon
MZ083512.1|SARS-CoV-2|Epsilon,Epsilon
MZ377849.1|SARS-CoV-2|Epsilon,Epsilon
MZ076372.1|SARS-CoV-2|Epsilon,Epsilon
MZ023038.1|SARS-CoV-2|Epsilon,Epsilon
MW851613.1|SARS-CoV-2|Epsilon,Epsilon
MZ206720.1|SARS-CoV-2|Epsilon,Epsilon
MZ013771.1|SARS-CoV-2|Epsilon,Epsilon
MW808249.1|SARS-CoV-2|Epsilon,Epsilon
MZ377804.1|SARS-CoV-2|Epsilon,Epsilon
MZ622487.1|SARS-CoV-2|Epsilon,Epsilon
ON316709.1|SARS-CoV-2|Epsilon,Epsilon
MW968458.1|SARS-CoV-2|Epsilon,Epsilon
MW808305.1|SARS-CoV-2|Epsilon,Epsilon
MW967708.1|SARS-CoV-2|Epsilon,Epsilon
OK188149.1|SARS-CoV-2|Epsilon,Epsilon
MW923226.1|SARS-CoV-2|Epsilon,Epsilon
MW700688.1|SARS-CoV-2|Epsilon,Epsilon
MZ167258.1|SARS-CoV-2|Epsilon,Epsilon
OM128999.1|SARS-CoV-2|Epsilon,Epsilon
MZ211997.1|SARS-CoV-2|Epsilon,Epsilon
MZ377663.1|SARS-CoV-2|Epsilon,Epsilon
OK546957.1|SARS-CoV-2|Epsilon,Epsilon
MW972913.1|SARS-CoV-2|Epsilon,Epsilon
MW868343.1|SARS-CoV-2|Epsilon,Epsilon
MW994182.1|SARS-CoV-2|Epsilon,Epsilon
MZ909369.1|SARS-CoV-2|Epsilon,Epsilon
MW701920.1|SARS-CoV-2|Epsilon,Epsilon
MZ372440.1|SARS-CoV-2|Epsilon,Epsilon
OP143261.1|SARS-CoV-2|Epsilon,Epsilon
MZ238805.1|SARS-CoV-2|Epsilon,Epsilon
MW974259.1|SARS-CoV-2|Epsilon,Epsilon
MW967079.1|SARS-CoV-2|Epsilon,Epsilon
OM129008.1|SARS-CoV-2|Epsilon,Epsilon
OL844528.1|SARS-CoV-2|Epsilon,Epsilon
MZ315326.1|SARS-CoV-2|Epsilon,Epsilon
MZ166685.1|SARS-CoV-2|Epsilon,Epsilon
MW973372.1|SARS-CoV-2|Epsilon,Epsilon
MW736699.1|SARS-CoV-2|Epsilon,Epsilon
OK194000.1|SARS-CoV-2|Epsilon,Epsilon
MW715487.1|SARS-CoV-2|Epsilon,Epsilon
MZ290661.1|SARS-CoV-2|Epsilon,Epsilon
ON062798.1|SARS-CoV-2|Epsilon,Epsilon
MZ271391.1|SARS-CoV-2|Epsilon,Epsilon
MZ074945.1|SARS-CoV-2|Epsilon,Epsilon
MZ258292.1|SARS-CoV-2|Epsilon,Epsilon
MW796716.1|SARS-CoV-2|Epsilon,Epsilon
OL844467.1|SARS-CoV-2|Epsilon,Epsilon
MZ193635.1|SARS-CoV-2|Epsilon,Epsilon
MW731206.1|SARS-CoV-2|Epsilon,Epsilon
MW653487.1|SARS-CoV-2|Epsilon,Epsilon
MW758841.1|SARS-CoV-2|Epsilon,Epsilon
MW766562.1|SARS-CoV-2|Epsilon,Epsilon
MZ455460.1|SARS-CoV-2|Epsilon,Epsilon
MZ203028.1|SARS-CoV-2|Epsilon,Epsilon
MZ281529.1|SARS-CoV-2|Epsilon,Epsilon
ON344777.1|SARS-CoV-2|Epsilon,Epsilon
OM105540.1|SARS-CoV-2|Epsilon,Epsilon
OK219915.1|SARS-CoV-2|Epsilon,Epsilon
OL848106.1|SARS-CoV-2|Epsilon,Epsilon
MZ817698.1|SARS-CoV-2|Epsilon,Epsilon
MZ164622.1|SARS-CoV-2|Epsilon,Epsilon
MW796937.1|SARS-CoV-2|Epsilon,Epsilon
MW922902.1|SARS-CoV-2|Epsilon,Epsilon
OP143108.1|SARS-CoV-2|Epsilon,Epsilon
MW738474.1|SARS-CoV-2|Epsilon,Epsilon
MW708208.1|SARS-CoV-2|Epsilon,Epsilon
MZ664759.1|SARS-CoV-2|Epsilon,Epsilon
MW485907.1|SARS-CoV-2|Epsilon,Epsilon
MW777840.1|SARS-CoV-2|Epsilon,Epsilon
MW966414.1|SARS-CoV-2|Epsilon,Epsilon
MW851730.1|SARS-CoV-2|Epsilon,Epsilon
MW771799.1|SARS-CoV-2|Epsilon,Epsilon
MW851172.1|SARS-CoV-2|Epsilon,Epsilon
MW992980.1|SARS-CoV-2|Epsilon,Epsilon
MZ636061.1|SARS-CoV-2|Epsilon,Epsilon
MW778172.1|SARS-CoV-2|Epsilon,Epsilon
MZ722056.1|SARS-CoV-2|Epsilon,Epsilon
MW545191.1|SARS-CoV-2|Epsilon,Epsilon
OK550284.1|SARS-CoV-2|Epsilon,Epsilon
OP143208.1|SARS-CoV-2|Epsilon,Epsilon
MW891326.1|SARS-CoV-2|Epsilon,Epsilon
MZ025420.1|SARS-CoV-2|Epsilon,Epsilon
MW851188.1|SARS-CoV-2|Epsilon,Epsilon
MZ022396.1|SARS-CoV-2|Epsilon,Epsilon
ON340012.1|SARS-CoV-2|Epsilon,Epsilon
MW923625.1|SARS-CoV-2|Epsilon,Epsilon
MZ453876.1|SARS-CoV-2|Epsilon,Epsilon
MW738522.1|SARS-CoV-2|Epsilon,Epsilon
MW973781.1|SARS-CoV-2|Epsilon,Epsilon
MW736689.1|SARS-CoV-2|Epsilon,Epsilon
MW968178.1|SARS-CoV-2|Epsilon,Epsilon
OL844606.1|SARS-CoV-2|Epsilon,Epsilon
MW702216.1|SARS-CoV-2|Epsilon,Epsilon
MW737996.1|SARS-CoV-2|Epsilon,Epsilon
OM105571.1|SARS-CoV-2|Epsilon,Epsilon
MW673236.1|SARS-CoV-2|Epsilon,Epsilon
ON344220.1|SARS-CoV-2|Epsilon,Epsilon
MZ722154.1|SARS-CoV-2|Epsilon,Epsilon
MZ377724.1|SARS-CoV-2|Epsilon,Epsilon
MZ261112.1|SARS-CoV-2|Epsilon,Epsilon
MZ368239.1|SARS-CoV-2|Epsilon,Epsilon
MW974164.1|SARS-CoV-2|Epsilon,Epsilon
MZ453550.1|SARS-CoV-2|Epsilon,Epsilon
MW813032.1|SARS-CoV-2|Epsilon,Epsilon
MW838428.2|SARS-CoV-2|Epsilon,Epsilon
MZ259146.1|SARS-CoV-2|Epsilon,Epsilon
MZ394787.1|SARS-CoV-2|Epsilon,Epsilon
OL848096.1|SARS-CoV-2|Epsilon,Epsilon
OK586371.1|SARS-CoV-2|Epsilon,Epsilon
MZ258928.1|SARS-CoV-2|Epsilon,Epsilon
OK194361.1|SARS-CoV-2|Epsilon,Epsilon
MZ256372.1|SARS-CoV-2|Epsilon,Epsilon
MW808340.1|SARS-CoV-2|Epsilon,Epsilon
MZ258710.1|SARS-CoV-2|Epsilon,Epsilon
MW453110.1|SARS-CoV-2|Epsilon,Epsilon
MZ187942.1|SARS-CoV-2|Epsilon,Epsilon
MZ010897.1|SARS-CoV-2|Epsilon,Epsilon
OL848124.1|SARS-CoV-2|Epsilon,Epsilon
MW963407.1|SARS-CoV-2|Epsilon,Epsilon
OK547180.1|SARS-CoV-2|Epsilon,Epsilon
OK188541.1|SARS-CoV-2|Epsilon,Epsilon
MZ378531.1|SARS-CoV-2|Epsilon,Epsilon
ON074359.1|SARS-CoV-2|Epsilon,Epsilon
MZ159095.1|SARS-CoV-2|Epsilon,Epsilon
OL848580.1|SARS-CoV-2|Epsilon,Epsilon
MW902152.1|SARS-CoV-2|Epsilon,Epsilon
MW891462.1|SARS-CoV-2|Epsilon,Epsilon
OM432620.1|SARS-CoV-2|Epsilon,Epsilon
MZ143720.1|SARS-CoV-2|Epsilon,Epsilon
MZ075896.1|SARS-CoV-2|Epsilon,Epsilon
MW766636.1|SARS-CoV-2|Epsilon,Epsilon
MW808270.1|SARS-CoV-2|Epsilon,Epsilon
MZ373621.1|SARS-CoV-2|Epsilon,Epsilon
MW739869.1|SARS-CoV-2|Epsilon,Epsilon
OL848826.1|SARS-CoV-2|Epsilon,Epsilon
MW738159.1|SARS-CoV-2|Epsilon,Epsilon
MZ914169.1|SARS-CoV-2|Epsilon,Epsilon
MZ167033.1|SARS-CoV-2|Epsilon,Epsilon
ON340037.1|SARS-CoV-2|Epsilon,Epsilon
MW897476.1|SARS-CoV-2|Epsilon,Epsilon
OK548168.1|SARS-CoV-2|Epsilon,Epsilon
OK547525.1|SARS-CoV-2|Epsilon,Epsilon
OK653741.1|SARS-CoV-2|Epsilon,Epsilon
MW774006.1|SARS-CoV-2|Epsilon,Epsilon
MZ190275.1|SARS-CoV-2|Epsilon,Epsilon
MZ461075.1|SARS-CoV-2|Epsilon,Epsilon
MW921968.1|SARS-CoV-2|Epsilon,Epsilon
MZ024935.1|SARS-CoV-2|Epsilon,Epsilon
MW923556.1|SARS-CoV-2|Epsilon,Epsilon
MW702208.1|SARS-CoV-2|Epsilon,Epsilon
OP143054.1|SARS-CoV-2|Epsilon,Epsilon
MZ512708.1|SARS-CoV-2|Iota,Iota
MZ639038.1|SARS-CoV-2|Iota,Iota
MZ280893.1|SARS-CoV-2|Iota,Iota
MW967847.1|SARS-CoV-2|Iota,Iota
MZ639868.1|SARS-CoV-2|Iota,Iota
OK246510.1|SARS-CoV-2|Iota,Iota
MZ641450.1|SARS-CoV-2|Iota,Iota
MZ638261.1|SARS-CoV-2|Iota,Iota
MZ500839.1|SARS-CoV-2|Iota,Iota
MW894303.1|SARS-CoV-2|Iota,Iota
MZ501412.1|SARS-CoV-2|Iota,Iota
MZ186465.1|SARS-CoV-2|Iota,Iota
MZ642103.1|SARS-CoV-2|Iota,Iota
OK191049.1|SARS-CoV-2|Iota,Iota
MZ278682.1|SARS-CoV-2|Iota,Iota
OK245891.1|SARS-CoV-2|Iota,Iota
MZ034933.1|SARS-CoV-2|Iota,Iota
MZ186529.1|SARS-CoV-2|Iota,Iota
MZ149828.1|SARS-CoV-2|Iota,Iota
MZ161310.1|SARS-CoV-2|Iota,Iota
MZ061509.1|SARS-CoV-2|Iota,Iota
MZ640348.1|SARS-CoV-2|Iota,Iota
MW976355.1|SARS-CoV-2|Iota,Iota
MZ354317.1|SARS-CoV-2|Iota,Iota
MZ640677.1|SARS-CoV-2|Iota,Iota
MZ639096.1|SARS-CoV-2|Iota,Iota
MZ239994.1|SARS-CoV-2|Iota,Iota
MZ448649.1|SARS-CoV-2|Iota,Iota
OM485950.1|SARS-CoV-2|Iota,Iota
MW904283.1|SARS-CoV-2|Iota,Iota
MZ086544.1|SARS-CoV-2|Iota,Iota
MW975196.1|SARS-CoV-2|Iota,Iota
MZ638728.1|SARS-CoV-2|Iota,Iota
MZ074279.1|SARS-CoV-2|Iota,Iota
MZ213996.1|SARS-CoV-2|Iota,Iota
MZ192606.1|SARS-CoV-2|Iota,Iota
MZ280709.1|SARS-CoV-2|Iota,Iota
MZ342440.1|SARS-CoV-2|Iota,Iota
MZ315653.1|SARS-CoV-2|Iota,Iota
MW968897.1|SARS-CoV-2|Iota,Iota
MZ641090.1|SARS-CoV-2|Iota,Iota
MZ228973.1|SARS-CoV-2|Iota,Iota
MW993777.1|SARS-CoV-2|Iota,Iota
OK547450.1|SARS-CoV-2|Iota,Iota
MZ640369.1|SARS-CoV-2|Iota,Iota
MZ317242.1|SARS-CoV-2|Iota,Iota
MW989944.1|SARS-CoV-2|Iota,Iota
MZ636032.1|SARS-CoV-2|Iota,Iota
MW975626.1|SARS-CoV-2|Iota,Iota
MZ271637.1|SARS-CoV-2|Iota,Iota
MZ143875.1|SARS-CoV-2|Iota,Iota
MW975572.1|SARS-CoV-2|Iota,Iota
MZ187920.1|SARS-CoV-2|Iota,Iota
MZ100956.1|SARS-CoV-2|Iota,Iota
OK188478.1|SARS-CoV-2|Iota,Iota
MZ086102.1|SARS-CoV-2|Iota,Iota
MW890707.1|SARS-CoV-2|Iota,Iota
MZ579142.1|SARS-CoV-2|Iota,Iota
MZ377519.1|SARS-CoV-2|Iota,Iota
MZ455597.1|SARS-CoV-2|Iota,Iota
MZ003333.1|SARS-CoV-2|Iota,Iota
MW975027.1|SARS-CoV-2|Iota,Iota
MZ349807.1|SARS-CoV-2|Iota,Iota
MZ215112.1|SARS-CoV-2|Iota,Iota
MZ211327.1|SARS-CoV-2|Iota,Iota
MZ639375.1|SARS-CoV-2|Iota,Iota
MZ185684.1|SARS-CoV-2|Iota,Iota
MW966200.1|SARS-CoV-2|Iota,Iota
MZ337213.1|SARS-CoV-2|Iota,Iota
MZ082159.1|SARS-CoV-2|Iota,Iota
MW976222.1|SARS-CoV-2|Iota,Iota
MZ371153.1|SARS-CoV-2|Iota,Iota
MZ141924.1|SARS-CoV-2|Iota,Iota
OK219360.1|SARS-CoV-2|Iota,Iota
MZ360234.1|SARS-CoV-2|Iota,Iota
MZ159014.1|SARS-CoV-2|Iota,Iota
MZ085146.1|SARS-CoV-2|Iota,Iota
MZ207750.1|SARS-CoV-2|Iota,Iota
MZ386391.1|SARS-CoV-2|Iota,Iota
MW988780.1|SARS-CoV-2|Iota,Iota
MZ637674.1|SARS-CoV-2|Iota,Iota
MW968874.1|SARS-CoV-2|Iota,Iota
MZ180768.1|SARS-CoV-2|Iota,Iota
MZ160431.1|SARS-CoV-2|Iota,Iota
MZ294306.1|SARS-CoV-2|Iota,Iota
MZ075447.1|SARS-CoV-2|Iota,Iota
MZ186536.1|SARS-CoV-2|Iota,Iota
MW986100.1|SARS-CoV-2|Iota,Iota
MZ638370.1|SARS-CoV-2|Iota,Iota
MZ498228.1|SARS-CoV-2|Iota,Iota
MZ284113.1|SARS-CoV-2|Iota,Iota
MZ237279.1|SARS-CoV-2|Iota,Iota
MZ008972.1|SARS-CoV-2|Iota,Iota
MZ641671.1|SARS-CoV-2|Iota,Iota
OM486748.1|SARS-CoV-2|Iota,Iota
MW891478.1|SARS-CoV-2|Iota,Iota
MZ415669.1|SARS-CoV-2|Iota,Iota
OK246365.1|SARS-CoV-2|Iota,Iota
OK246200.1|SARS-CoV-2|Iota,Iota
MZ006557.1|SARS-CoV-2|Iota,Iota
MZ685144.1|SARS-CoV-2|Iota,Iota
MZ343578.1|SARS-CoV-2|Iota,Iota
MZ641981.1|SARS-CoV-2|Iota,Iota
MZ242510.1|SARS-CoV-2|Iota,Iota
MW990941.1|SARS-CoV-2|Iota,Iota
MZ173197.1|SARS-CoV-2|Iota,Iota
MZ260456.1|SARS-CoV-2|Iota,Iota
MZ639524.1|SARS-CoV-2|Iota,Iota
MZ023562.1|SARS-CoV-2|Iota,Iota
MZ075026.1|SARS-CoV-2|Iota,Iota
MZ641633.1|SARS-CoV-2|Iota,Iota
MZ059286.1|SARS-CoV-2|Iota,Iota
MZ638777.1|SARS-CoV-2|Iota,Iota
MZ028653.1|SARS-CoV-2|Iota,Iota
MZ639030.1|SARS-CoV-2|Iota,Iota
MZ544729.1|SARS-CoV-2|Iota,Iota
MZ164774.1|SARS-CoV-2|Iota,Iota
MZ638219.1|SARS-CoV-2|Iota,Iota
MZ637701.1|SARS-CoV-2|Iota,Iota
MZ022993.1|SARS-CoV-2|Iota,Iota
OK191764.1|SARS-CoV-2|Iota,Iota
MW890592.1|SARS-CoV-2|Iota,Iota
MZ577484.1|SARS-CoV-2|Iota,Iota
MZ291390.1|SARS-CoV-2|Iota,Iota
MZ187651.1|SARS-CoV-2|Iota,Iota
MZ641768.1|SARS-CoV-2|Iota,Iota
MZ213735.1|SARS-CoV-2|Iota,Iota
MW904282.1|SARS-CoV-2|Iota,Iota
MZ064673.1|SARS-CoV-2|Iota,Iota
OL579914.1|SARS-CoV-2|Iota,Iota
MZ741611.1|SARS-CoV-2|Iota,Iota
MZ619845.1|SARS-CoV-2|Iota,Iota
MW964974.1|SARS-CoV-2|Iota,Iota
MZ084150.1|SARS-CoV-2|Iota,Iota
MZ511677.1|SARS-CoV-2|Iota,Iota
MZ641581.1|SARS-CoV-2|Iota,Iota
MZ011722.1|SARS-CoV-2|Iota,Iota
MZ637863.1|SARS-CoV-2|Iota,Iota
MZ642213.1|SARS-CoV-2|Iota,Iota
MZ349874.1|SARS-CoV-2|Iota,Iota
MZ282507.1|SARS-CoV-2|Iota,Iota
MZ195315.1|SARS-CoV-2|Iota,Iota
MZ187846.1|SARS-CoV-2|Iota,Iota
MZ640821.1|SARS-CoV-2|Iota,Iota
MW891247.1|SARS-CoV-2|Iota,Iota
MZ154390.1|SARS-CoV-2|Iota,Iota
MW976731.1|SARS-CoV-2|Iota,Iota
MZ257209.1|SARS-CoV-2|Iota,Iota
MW966403.1|SARS-CoV-2|Iota,Iota
OK249041.1|SARS-CoV-2|Iota,Iota
MZ416095.1|SARS-CoV-2|Iota,Iota
MZ498125.1|SARS-CoV-2|Iota,Iota
MZ639294.1|SARS-CoV-2|Iota,Iota
OL539126.1|SARS-CoV-2|Iota,Iota
OK217795.1|SARS-CoV-2|Iota,Iota
MZ640706.1|SARS-CoV-2|Iota,Iota
MZ454992.1|SARS-CoV-2|Iota,Iota
MZ640446.1|SARS-CoV-2|Iota,Iota
MW986525.1|SARS-CoV-2|Iota,Iota
MZ186964.1|SARS-CoV-2|Iota,Iota
MW904414.1|SARS-CoV-2|Iota,Iota
MZ090391.1|SARS-CoV-2|Iota,Iota
MW904233.1|SARS-CoV-2|Iota,Iota
MZ639745.1|SARS-CoV-2|Iota,Iota
MW986891.1|SARS-CoV-2|Iota,Iota
MZ083305.1|SARS-CoV-2|Iota,Iota
MZ375593.1|SARS-CoV-2|Iota,Iota
MZ641419.1|SARS-CoV-2|Iota,Iota
MZ132780.1|SARS-CoV-2|Iota,Iota
MZ074520.1|SARS-CoV-2|Iota,Iota
OK021754.1|SARS-CoV-2|Iota,Iota
MZ639658.1|SARS-CoV-2|Iota,Iota
MZ076084.1|SARS-CoV-2|Iota,Iota
MZ056359.1|SARS-CoV-2|Iota,Iota
MW988008.1|SARS-CoV-2|Iota,Iota
MZ060931.1|SARS-CoV-2|Iota,Iota
MZ376429.1|SARS-CoV-2|Iota,Iota
MZ638784.1|SARS-CoV-2|Iota,Iota
MZ164634.1|SARS-CoV-2|Iota,Iota
MZ637813.1|SARS-CoV-2|Iota,Iota
MZ316507.1|SARS-CoV-2|Iota,Iota
MZ358680.1|SARS-CoV-2|Iota,Iota
OK245972.1|SARS-CoV-2|Iota,Iota
MZ239660.1|SARS-CoV-2|Iota,Iota
MZ207388.1|SARS-CoV-2|Iota,Iota
MZ228362.1|SARS-CoV-2|Iota,Iota
MZ358510.1|SARS-CoV-2|Iota,Iota
MZ059928.1|SARS-CoV-2|Iota,Iota
MZ352217.1|SARS-CoV-2|Iota,Iota
MW976295.1|SARS-CoV-2|Iota,Iota
MZ321059.1|SARS-CoV-2|Iota,Iota
MZ022430.1|SARS-CoV-2|Iota,Iota
MZ638240.1|SARS-CoV-2|Iota,Iota
MZ030303.1|SARS-CoV-2|Iota,Iota
MZ639032.1|SARS-CoV-2|Iota,Iota
MZ638557.1|SARS-CoV-2|Iota,Iota
MZ212854.1|SARS-CoV-2|Iota,Iota
MZ192887.1|SARS-CoV-2|Iota,Iota
MZ638556.1|SARS-CoV-2|Iota,Iota
MZ090313.1|SARS-CoV-2|Iota,Iota
MZ281493.1|SARS-CoV-2|Iota,Iota
MZ271093.1|SARS-CoV-2|Iota,Iota
MZ009885.1|SARS-CoV-2|Iota,Iota
MZ640470.1|SARS-CoV-2|Iota,Iota
MZ390960.1|SARS-CoV-2|Iota,Iota
OK183354.1|SARS-CoV-2|Iota,Iota
MZ343604.1|SARS-CoV-2|Iota,Iota
MZ074851.1|SARS-CoV-2|Iota,Iota
MZ311477.1|SARS-CoV-2|Iota,Iota
MZ321338.1|SARS-CoV-2|Iota,Iota
MW963451.1|SARS-CoV-2|Iota,Iota
MW890742.1|SARS-CoV-2|Iota,Iota
MZ280883.1|SARS-CoV-2|Iota,Iota
MZ045271.1|SARS-CoV-2|Iota,Iota
MW965904.1|SARS-CoV-2|Iota,Iota
MW993829.1|SARS-CoV-2|Iota,Iota
MZ228540.1|SARS-CoV-2|Iota,Iota
MZ780904.1|SARS-CoV-2|Iota,Iota
MW968242.1|SARS-CoV-2|Iota,Iota
OK290945.1|SARS-CoV-2|Iota,Iota
MZ024940.1|SARS-CoV-2|Iota,Iota
MZ641545.1|SARS-CoV-2|Iota,Iota
MW888055.1|SARS-CoV-2|Iota,Iota
MW890715.1|SARS-CoV-2|Iota,Iota
MZ638834.1|SARS-CoV-2|Iota,Iota
MZ252714.1|SARS-CoV-2|Iota,Iota
OK121257.1|SARS-CoV-2|Iota,Iota
MZ283502.1|SARS-CoV-2|Iota,Iota
MZ084582.1|SARS-CoV-2|Iota,Iota
MZ620133.1|SARS-CoV-2|Iota,Iota
MZ914269.1|SARS-CoV-2|Iota,Iota
MZ071815.1|SARS-CoV-2|Iota,Iota
MZ638986.1|SARS-CoV-2|Iota,Iota
MZ641474.1|SARS-CoV-2|Iota,Iota
MZ032639.1|SARS-CoV-2|Iota,Iota
OL522845.1|SARS-CoV-2|Iota,Iota
MZ259033.1|SARS-CoV-2|Iota,Iota
MZ579006.1|SARS-CoV-2|Iota,Iota
MZ227881.1|SARS-CoV-2|Iota,Iota
MW976137.1|SARS-CoV-2|Iota,Iota
MZ206196.1|SARS-CoV-2|Iota,Iota
MZ210554.1|SARS-CoV-2|Iota,Iota
MW959417.1|SARS-CoV-2|Iota,Iota
MZ283268.1|SARS-CoV-2|Iota,Iota
MZ167593.1|SARS-CoV-2|Iota,Iota
MZ030204.1|SARS-CoV-2|Iota,Iota
MZ641426.1|SARS-CoV-2|Iota,Iota
MZ451380.1|SARS-CoV-2|Iota,Iota
MW904172.1|SARS-CoV-2|Iota,Iota
MZ280983.1|SARS-CoV-2|Iota,Iota
MZ257772.1|SARS-CoV-2|Eta,Eta
OL601713.1|SARS-CoV-2|Eta,Eta
MW963385.1|SARS-CoV-2|Eta,Eta
MZ260436.1|SARS-CoV-2|Eta,Eta
MZ264929.1|SARS-CoV-2|Eta,Eta
MZ166719.1|SARS-CoV-2|Eta,Eta
OK439221.1|SARS-CoV-2|Eta,Eta
MZ231688.1|SARS-CoV-2|Eta,Eta
MZ073444.1|SARS-CoV-2|Eta,Eta
MZ005057.1|SARS-CoV-2|Eta,Eta
MZ282233.1|SARS-CoV-2|Eta,Eta
OL601777.1|SARS-CoV-2|Eta,Eta
MW990832.1|SARS-CoV-2|Eta,Eta
OD948087.1|SARS-CoV-2|Eta,Eta
MZ075661.1|SARS-CoV-2|Eta,Eta
MZ008755.1|SARS-CoV-2|Eta,Eta
MZ188377.1|SARS-CoV-2|Eta,Eta
OL601789.1|SARS-CoV-2|Eta,Eta
MZ185059.1|SARS-CoV-2|Eta,Eta
MW809053.1|SARS-CoV-2|Eta,Eta
OD973247.1|SARS-CoV-2|Eta,Eta
MZ082778.1|SARS-CoV-2|Eta,Eta
MW966413.1|SARS-CoV-2|Eta,Eta
MW963384.1|SARS-CoV-2|Eta,Eta
MW852481.1|SARS-CoV-2|Eta,Eta
MW966594.1|SARS-CoV-2|Eta,Eta
MZ530313.1|SARS-CoV-2|Eta,Eta
MZ280476.1|SARS-CoV-2|Eta,Eta
MZ004990.1|SARS-CoV-2|Eta,Eta
MZ246502.1|SARS-CoV-2|Eta,Eta
MZ061133.1|SARS-CoV-2|Eta,Eta
MZ055955.1|SARS-CoV-2|Eta,Eta
MZ085276.1|SARS-CoV-2|Eta,Eta
OL601790.1|SARS-CoV-2|Eta,Eta
MZ194434.1|SARS-CoV-2|Eta,Eta
MZ237970.1|SARS-CoV-2|Eta,Eta
MZ362441.1|SARS-CoV-2|Eta,Eta
OL601729.1|SARS-CoV-2|Eta,Eta
MZ166009.1|SARS-CoV-2|Eta,Eta
MW930877.1|SARS-CoV-2|Eta,Eta
OL601566.1|SARS-CoV-2|Eta,Eta
OL601954.1|SARS-CoV-2|Eta,Eta
OL345008.1|SARS-CoV-2|Eta,Eta
MW965133.1|SARS-CoV-2|Eta,Eta
MZ188378.1|SARS-CoV-2|Eta,Eta
MZ315462.1|SARS-CoV-2|Eta,Eta
MW966397.1|SARS-CoV-2|Eta,Eta
MZ064903.1|SARS-CoV-2|Eta,Eta
OL601809.1|SARS-CoV-2|Eta,Eta
MZ841867.1|SARS-CoV-2|Eta,Eta
MW975371.1|SARS-CoV-2|Eta,Eta
OL601758.1|SARS-CoV-2|Eta,Eta
MW976023.1|SARS-CoV-2|Eta,Eta
MW851945.1|SARS-CoV-2|Eta,Eta
MZ337199.1|SARS-CoV-2|Eta,Eta
MZ288311.1|SARS-CoV-2|Eta,Eta
OL601782.1|SARS-CoV-2|Eta,Eta
OD932554.1|SARS-CoV-2|Eta,Eta
MW988276.1|SARS-CoV-2|Eta,Eta
MZ064868.1|SARS-CoV-2|Eta,Eta
MW964645.1|SARS-CoV-2|Eta,Eta
MZ172113.1|SARS-CoV-2|Eta,Eta
MZ500503.1|SARS-CoV-2|Eta,Eta
MZ232512.1|SARS-CoV-2|Eta,Eta
MZ337200.1|SARS-CoV-2|Eta,Eta
OK586359.1|SARS-CoV-2|Eta,Eta
MZ282405.1|SARS-CoV-2|Eta,Eta
MZ212461.1|SARS-CoV-2|Eta,Eta
MZ444294.1|SARS-CoV-2|Eta,Eta
OK439271.1|SARS-CoV-2|Eta,Eta
MZ444427.1|SARS-CoV-2|Eta,Eta
MZ261942.1|SARS-CoV-2|Eta,Eta
ON284668.1|SARS-CoV-2|Eta,Eta
MZ015354.1|SARS-CoV-2|Eta,Eta
MZ716401.1|SARS-CoV-2|Eta,Eta
MZ188627.1|SARS-CoV-2|Eta,Eta
MW963450.1|SARS-CoV-2|Eta,Eta
MZ172112.1|SARS-CoV-2|Eta,Eta
MZ499074.1|SARS-CoV-2|Eta,Eta
OD989334.1|SARS-CoV-2|Eta,Eta
MZ214354.1|SARS-CoV-2|Eta,Eta
MZ195723.1|SARS-CoV-2|Eta,Eta
OD961806.1|SARS-CoV-2|Eta,Eta
MZ048478.1|SARS-CoV-2|Eta,Eta
MZ362450.1|SARS-CoV-2|Eta,Eta
MZ376199.1|SARS-CoV-2|Eta,Eta
MZ412141.1|SARS-CoV-2|Eta,Eta
MZ132540.1|SARS-CoV-2|Eta,Eta
OD967815.1|SARS-CoV-2|Eta,Eta
OL601776.1|SARS-CoV-2|Eta,Eta
MZ291017.1|SARS-CoV-2|Eta,Eta
MZ172172.1|SARS-CoV-2|Eta,Eta
MZ035488.1|SARS-CoV-2|Eta,Eta
MZ194000.1|SARS-CoV-2|Eta,Eta
MZ232697.1|SARS-CoV-2|Eta,Eta
OK440017.1|SARS-CoV-2|Eta,Eta
OL601784.1|SARS-CoV-2|Eta,Eta
MW963446.1|SARS-CoV-2|Eta,Eta
OD950206.1|SARS-CoV-2|Eta,Eta
OD949195.1|SARS-CoV-2|Eta,Eta
OK439310.1|SARS-CoV-2|Eta,Eta
MZ015231.1|SARS-CoV-2|Eta,Eta
MZ212455.1|SARS-CoV-2|Eta,Eta
MW967824.1|SARS-CoV-2|Eta,Eta
MZ371523.1|SARS-CoV-2|Eta,Eta
MW735458.1|SARS-CoV-2|Eta,Eta
MZ500514.1|SARS-CoV-2|Eta,Eta
MW964842.1|SARS-CoV-2|Eta,Eta
OL601959.1|SARS-CoV-2|Eta,Eta
MZ211384.1|SARS-CoV-2|Eta,Eta
ON284817.1|SARS-CoV-2|Eta,Eta
OD932307.1|SARS-CoV-2|Eta,Eta
MZ085428.1|SARS-CoV-2|Eta,Eta
MZ360620.1|SARS-CoV-2|Eta,Eta
MZ025857.1|SARS-CoV-2|Eta,Eta
OL601818.1|SARS-CoV-2|Eta,Eta
MZ030273.1|SARS-CoV-2|Eta,Eta
MZ166190.1|SARS-CoV-2|Eta,Eta
MZ004992.1|SARS-CoV-2|Eta,Eta
MZ006082.1|SARS-CoV-2|Eta,Eta
MZ023647.1|SARS-CoV-2|Eta,Eta
MZ500509.1|SARS-CoV-2|Eta,Eta
MW578231.1|SARS-CoV-2|Eta,Eta
MW975835.1|SARS-CoV-2|Eta,Eta
MZ058024.1|SARS-CoV-2|Eta,Eta
MZ233765.1|SARS-CoV-2|Eta,Eta
MZ184270.1|SARS-CoV-2|Eta,Eta
OL601854.1|SARS-CoV-2|Eta,Eta
MZ378119.1|SARS-CoV-2|Eta,Eta
MZ716284.1|SARS-CoV-2|Eta,Eta
MZ144347.1|SARS-CoV-2|Eta,Eta
MW976289.1|SARS-CoV-2|Eta,Eta
MZ210715.1|SARS-CoV-2|Eta,Eta
MZ282401.1|SARS-CoV-2|Eta,Eta
OD961580.1|SARS-CoV-2|Eta,Eta
OL601804.1|SARS-CoV-2|Eta,Eta
MW975109.1|SARS-CoV-2|Eta,Eta
OK221192.1|SARS-CoV-2|Eta,Eta
MZ054875.1|SARS-CoV-2|Eta,Eta
MZ498767.1|SARS-CoV-2|Eta,Eta
OL601961.1|SARS-CoV-2|Eta,Eta
MW967128.1|SARS-CoV-2|Eta,Eta
MZ172257.1|SARS-CoV-2|Eta,Eta
MW708456.1|SARS-CoV-2|Eta,Eta
OK512065.1|SARS-CoV-2|Eta,Eta
MZ074876.1|SARS-CoV-2|Eta,Eta
OD973668.1|SARS-CoV-2|Eta,Eta
MZ074659.1|SARS-CoV-2|Eta,Eta
MW975450.1|SARS-CoV-2|Eta,Eta
MZ087994.1|SARS-CoV-2|Eta,Eta
MZ015056.1|SARS-CoV-2|Eta,Eta
OD932538.1|SARS-CoV-2|Eta,Eta
MW907370.1|SARS-CoV-2|Eta,Eta
MW809060.1|SARS-CoV-2|Eta,Eta
MZ048479.1|SARS-CoV-2|Eta,Eta
OK250684.1|SARS-CoV-2|Eta,Eta
ON284820.1|SARS-CoV-2|Eta,Eta
MZ257277.1|SARS-CoV-2|Eta,Eta
MZ232694.1|SARS-CoV-2|Eta,Eta
ON030839.1|SARS-CoV-2|Eta,Eta
OL601950.1|SARS-CoV-2|Eta,Eta
MW965851.1|SARS-CoV-2|Eta,Eta
ON301832.1|SARS-CoV-2|Eta,Eta
OL601803.1|SARS-CoV-2|Eta,Eta
MW963476.1|SARS-CoV-2|Eta,Eta
MW937189.1|SARS-CoV-2|Eta,Eta
MZ240235.1|SARS-CoV-2|Eta,Eta
MZ362449.1|SARS-CoV-2|Eta,Eta
MZ257278.1|SARS-CoV-2|Eta,Eta
MZ415454.1|SARS-CoV-2|Eta,Eta
MZ185194.1|SARS-CoV-2|Eta,Eta
OD968443.1|SARS-CoV-2|Eta,Eta
MW965850.1|SARS-CoV-2|Eta,Eta
OK439107.1|SARS-CoV-2|Eta,Eta
OL345009.1|SARS-CoV-2|Eta,Eta
OK192682.1|SARS-CoV-2|Eta,Eta
OL601735.1|SARS-CoV-2|Eta,Eta
MZ058289.1|SARS-CoV-2|Eta,Eta
MW974897.1|SARS-CoV-2|Eta,Eta
MZ151981.1|SARS-CoV-2|Eta,Eta
OK290644.1|SARS-CoV-2|Eta,Eta
MW968074.1|SARS-CoV-2|Eta,Eta
MZ243354.1|SARS-CoV-2|Eta,Eta
MZ450062.1|SARS-CoV-2|Eta,Eta
MZ165821.1|SARS-CoV-2|Eta,Eta
MZ279698.1|SARS-CoV-2|Eta,Eta
MW850613.1|SARS-CoV-2|Eta,Eta
OU394745.1|SARS-CoV-2|Eta,Eta
OD979867.1|SARS-CoV-2|Eta,Eta
MW713636.1|SARS-CoV-2|Eta,Eta
OK231071.1|SARS-CoV-2|Eta,Eta
MZ271470.1|SARS-CoV-2|Eta,Eta
MW560924.1|SARS-CoV-2|Eta,Eta
OK439381.1|SARS-CoV-2|Eta,Eta
MZ172088.1|SARS-CoV-2|Eta,Eta
MW976004.1|SARS-CoV-2|Eta,Eta
MW976599.1|SARS-CoV-2|Eta,Eta
MZ187555.1|SARS-CoV-2|Eta,Eta
OK230794.1|SARS-CoV-2|Eta,Eta
MZ166361.1|SARS-CoV-2|Eta,Eta
MZ101384.1|SARS-CoV-2|Eta,Eta
MW967091.1|SARS-CoV-2|Eta,Eta
MZ086661.1|SARS-CoV-2|Eta,Eta
MZ005958.1|SARS-CoV-2|Eta,Eta
MW965981.1|SARS-CoV-2|Eta,Eta
MZ187501.1|SARS-CoV-2|Eta,Eta
MZ281195.1|SARS-CoV-2|Eta,Eta
MZ056328.1|SARS-CoV-2|Eta,Eta
MZ154530.1|SARS-CoV-2|Eta,Eta
MZ377584.1|SARS-CoV-2|Eta,Eta
MZ315469.1|SARS-CoV-2|Eta,Eta
OK511966.1|SARS-CoV-2|Eta,Eta
OL601942.1|SARS-CoV-2|Eta,Eta
MW809057.1|SARS-CoV-2|Eta,Eta
OL601944.1|SARS-CoV-2|Eta,Eta
MZ305351.1|SARS-CoV-2|Eta,Eta
MZ164529.1|SARS-CoV-2|Eta,Eta
OL544734.1|SARS-CoV-2|Eta,Eta
MZ817811.1|SARS-CoV-2|Eta,Eta
OL544818.1|SARS-CoV-2|Eta,Eta
MZ024077.1|SARS-CoV-2|Eta,Eta
MZ284824.1|SARS-CoV-2|Eta,Eta
MW809054.1|SARS-CoV-2|Eta,Eta
OL601711.1|SARS-CoV-2|Eta,Eta
ON284703.1|SARS-CoV-2|Eta,Eta
MZ287978.1|SARS-CoV-2|Eta,Eta
MZ530308.1|SARS-CoV-2|Eta,Eta
MZ260488.1|SARS-CoV-2|Eta,Eta
MZ054863.1|SARS-CoV-2|Eta,Eta
MZ061155.1|SARS-CoV-2|Eta,Eta
MZ152584.1|SARS-CoV-2|Eta,Eta
MZ154217.1|SARS-CoV-2|Eta,Eta
OL601935.1|SARS-CoV-2|Eta,Eta
MZ210542.1|SARS-CoV-2|Eta,Eta
MZ030368.1|SARS-CoV-2|Eta,Eta
ON284719.1|SARS-CoV-2|Eta,Eta
OL601767.1|SARS-CoV-2|Eta,Eta
OD922001.1|SARS-CoV-2|Eta,Eta
MW976762.1|SARS-CoV-2|Eta,Eta
MZ233284.1|SARS-CoV-2|Eta,Eta
OL601834.1|SARS-CoV-2|Eta,Eta
MZ258978.1|SARS-CoV-2|Eta,Eta
MZ497782.1|SARS-CoV-2|Eta,Eta
MZ343598.1|SARS-CoV-2|Eta,Eta
MW975692.1|SARS-CoV-2|Eta,Eta
OL601720.1|SARS-CoV-2|Eta,Eta
MZ183980.1|SARS-CoV-2|Eta,Eta
OD968450.1|SARS-CoV-2|Eta,Eta
OK586391.1|SARS-CoV-2|Eta,Eta
MZ074657.1|SARS-CoV-2|Eta,Eta
MZ709169.1|SARS-CoV-2|Lambda,Lambda
OM245002.1|SARS-CoV-2|Lambda,Lambda
MZ275300.1|SARS-CoV-2|Lambda,Lambda
MW968951.1|SARS-CoV-2|Lambda,Lambda
MZ354521.1|SARS-CoV-2|Lambda,Lambda
MZ282740.1|SARS-CoV-2|Lambda,Lambda
MW771939.1|SARS-CoV-2|Lambda,Lambda
OL615599.1|SARS-CoV-2|Lambda,Lambda
MZ454455.1|SARS-CoV-2|Lambda,Lambda
MZ358412.1|SARS-CoV-2|Lambda,Lambda
MZ943384.1|SARS-CoV-2|Lambda,Lambda
MZ539257.1|SARS-CoV-2|Lambda,Lambda
OL623819.1|SARS-CoV-2|Lambda,Lambda
MZ393529.1|SARS-CoV-2|Lambda,Lambda
MZ283233.1|SARS-CoV-2|Lambda,Lambda
MZ233988.1|SARS-CoV-2|Lambda,Lambda
OL989096.1|SARS-CoV-2|Lambda,Lambda
MZ227847.1|SARS-CoV-2|Lambda,Lambda
MZ573593.1|SARS-CoV-2|Lambda,Lambda
MZ497816.1|SARS-CoV-2|Lambda,Lambda
MZ316107.1|SARS-CoV-2|Lambda,Lambda
MW903191.1|SARS-CoV-2|Lambda,Lambda
MZ434546.1|SARS-CoV-2|Lambda,Lambda
MZ636239.1|SARS-CoV-2|Lambda,Lambda
MZ741279.1|SARS-CoV-2|Lambda,Lambda
MZ942542.1|SARS-CoV-2|Lambda,Lambda
MZ133138.1|SARS-CoV-2|Lambda,Lambda
MZ308044.1|SARS-CoV-2|Lambda,Lambda
MZ154506.1|SARS-CoV-2|Lambda,Lambda
MZ281452.1|SARS-CoV-2|Lambda,Lambda
MZ100710.1|SARS-CoV-2|Lambda,Lambda
MZ354440.1|SARS-CoV-2|Lambda,Lambda
MZ784987.1|SARS-CoV-2|Lambda,Lambda
MZ002114.1|SARS-CoV-2|Lambda,Lambda
MZ536135.1|SARS-CoV-2|Lambda,Lambda
OK234976.1|SARS-CoV-2|Lambda,Lambda
MZ282759.1|SARS-CoV-2|Lambda,Lambda
MW870180.1|SARS-CoV-2|Lambda,Lambda
MZ496616.1|SARS-CoV-2|Lambda,Lambda
MZ275292.1|SARS-CoV-2|Lambda,Lambda
ON316545.1|SARS-CoV-2|Lambda,Lambda
OK292170.1|SARS-CoV-2|Lambda,Lambda
MZ401969.1|SARS-CoV-2|Lambda,Lambda
MZ211863.1|SARS-CoV-2|Lambda,Lambda
ON148780.1|SARS-CoV-2|Lambda,Lambda
MZ341621.1|SARS-CoV-2|Lambda,Lambda
MZ282760.1|SARS-CoV-2|Lambda,Lambda
MZ709175.1|SARS-CoV-2|Lambda,Lambda
MZ706258.1|SARS-CoV-2|Lambda,Lambda
MZ002823.1|SARS-CoV-2|Lambda,Lambda
MZ239447.1|SARS-CoV-2|Lambda,Lambda
OL682020.1|SARS-CoV-2|Lambda,Lambda
OL622101.1|SARS-CoV-2|Lambda,Lambda
MZ275295.1|SARS-CoV-2|Lambda,Lambda
OK219423.1|SARS-CoV-2|Lambda,Lambda
MZ264377.1|SARS-CoV-2|Lambda,Lambda
MZ283230.1|SARS-CoV-2|Lambda,Lambda
MZ275287.1|SARS-CoV-2|Lambda,Lambda
MZ501455.1|SARS-CoV-2|Lambda,Lambda
MZ132406.1|SARS-CoV-2|Lambda,Lambda
MZ732020.1|SARS-CoV-2|Lambda,Lambda
MZ500708.1|SARS-CoV-2|Lambda,Lambda
MZ275288.1|SARS-CoV-2|Lambda,Lambda
MW880486.1|SARS-CoV-2|Lambda,Lambda
MZ024943.1|SARS-CoV-2|Lambda,Lambda
OL623705.1|SARS-CoV-2|Lambda,Lambda
MZ492475.1|SARS-CoV-2|Lambda,Lambda
MZ668359.1|SARS-CoV-2|Lambda,Lambda
MZ189561.1|SARS-CoV-2|Lambda,Lambda
MZ321276.1|SARS-CoV-2|Lambda,Lambda
OK110331.1|SARS-CoV-2|Lambda,Lambda
OK234786.1|SARS-CoV-2|Lambda,Lambda
MW767317.1|SARS-CoV-2|Lambda,Lambda
OL369074.1|SARS-CoV-2|Lambda,Lambda
MZ684950.1|SARS-CoV-2|Lambda,Lambda
OK230999.1|SARS-CoV-2|Lambda,Lambda
MW903964.1|SARS-CoV-2|Lambda,Lambda
MZ275301.1|SARS-CoV-2|Lambda,Lambda
MZ728849.1|SARS-CoV-2|Lambda,Lambda
MZ664803.1|SARS-CoV-2|Lambda,Lambda
MZ283549.1|SARS-CoV-2|Lambda,Lambda
OK341259.1|SARS-CoV-2|Lambda,Lambda
MZ501466.1|SARS-CoV-2|Lambda,Lambda
MZ432229.1|SARS-CoV-2|Lambda,Lambda
MZ275296.1|SARS-CoV-2|Lambda,Lambda
MZ282758.1|SARS-CoV-2|Lambda,Lambda
OK115008.1|SARS-CoV-2|Lambda,Lambda
OM146079.1|SARS-CoV-2|Lambda,Lambda
MZ090030.1|SARS-CoV-2|Lambda,Lambda
MZ849971.1|SARS-CoV-2|Lambda,Lambda
MZ282534.1|SARS-CoV-2|Lambda,Lambda
OK246362.1|SARS-CoV-2|Lambda,Lambda
MZ512341.1|SARS-CoV-2|Lambda,Lambda
MZ002702.1|SARS-CoV-2|Lambda,Lambda
MZ165800.1|SARS-CoV-2|Lambda,Lambda
MZ732080.1|SARS-CoV-2|Lambda,Lambda
MZ237964.1|SARS-CoV-2|Lambda,Lambda
MZ498621.1|SARS-CoV-2|Lambda,Lambda
MZ189578.1|SARS-CoV-2|Lambda,Lambda
OK437788.1|SARS-CoV-2|Lambda,Lambda
MZ211204.1|SARS-CoV-2|Lambda,Lambda
MZ861063.1|SARS-CoV-2|Lambda,Lambda
OL623678.1|SARS-CoV-2|Lambda,Lambda
MW993676.1|SARS-CoV-2|Lambda,Lambda
MZ131276.1|SARS-CoV-2|Lambda,Lambda
MZ512339.1|SARS-CoV-2|Lambda,Lambda
MZ280291.1|SARS-CoV-2|Lambda,Lambda
OL682019.1|SARS-CoV-2|Lambda,Lambda
MW808909.1|SARS-CoV-2|Lambda,Lambda
MW937858.1|SARS-CoV-2|Lambda,Lambda
ON776110.1|SARS-CoV-2|Lambda,Lambda
MZ048504.1|SARS-CoV-2|Lambda,Lambda
OK341291.1|SARS-CoV-2|Lambda,Lambda
MW993141.1|SARS-CoV-2|Lambda,Lambda
MZ076366.1|SARS-CoV-2|Lambda,Lambda
MZ732098.1|SARS-CoV-2|Lambda,Lambda
MZ378263.1|SARS-CoV-2|Lambda,Lambda
MZ233989.1|SARS-CoV-2|Lambda,Lambda
MZ780900.1|SARS-CoV-2|Lambda,Lambda
MZ780417.1|SARS-CoV-2|Lambda,Lambda
MW733239.1|SARS-CoV-2|Lambda,Lambda
OK546839.1|SARS-CoV-2|Lambda,Lambda
MZ187784.1|SARS-CoV-2|Lambda,Lambda
MZ689948.1|SARS-CoV-2|Lambda,Lambda
MZ501410.1|SARS-CoV-2|Lambda,Lambda
MZ035278.1|SARS-CoV-2|Lambda,Lambda
OM462900.1|SARS-CoV-2|Lambda,Lambda
OL475472.1|SARS-CoV-2|Lambda,Lambda
MZ090033.1|SARS-CoV-2|Lambda,Lambda
MZ281537.1|SARS-CoV-2|Lambda,Lambda
MZ579108.1|SARS-CoV-2|Lambda,Lambda
MZ000572.1|SARS-CoV-2|Lambda,Lambda
MZ290720.1|SARS-CoV-2|Lambda,Lambda
OK029421.1|SARS-CoV-2|Lambda,Lambda
MZ570684.1|SARS-CoV-2|Lambda,Lambda
MW937856.1|SARS-CoV-2|Lambda,Lambda
MW813611.1|SARS-CoV-2|Lambda,Lambda
OK512535.1|SARS-CoV-2|Lambda,Lambda
MZ716792.1|SARS-CoV-2|Lambda,Lambda
MZ290326.1|SARS-CoV-2|Lambda,Lambda
OK550357.1|SARS-CoV-2|Lambda,Lambda
MW892034.1|SARS-CoV-2|Lambda,Lambda
OL475443.1|SARS-CoV-2|Lambda,Lambda
MZ533165.1|SARS-CoV-2|Lambda,Lambda
OL623733.1|SARS-CoV-2|Lambda,Lambda
OL539158.1|SARS-CoV-2|Lambda,Lambda
MZ009594.1|SARS-CoV-2|Lambda,Lambda
MW969076.1|SARS-CoV-2|Lambda,Lambda
MZ211818.1|SARS-CoV-2|Lambda,Lambda
MW988216.1|SARS-CoV-2|Lambda,Lambda
MZ429124.1|SARS-CoV-2|Lambda,Lambda
MZ619384.1|SARS-CoV-2|Lambda,Lambda
MZ206478.1|SARS-CoV-2|Lambda,Lambda
MZ555464.1|SARS-CoV-2|Lambda,Lambda
MZ565863.1|SARS-CoV-2|Lambda,Lambda
MZ538629.1|SARS-CoV-2|Lambda,Lambda
MZ984080.1|SARS-CoV-2|Lambda,Lambda
MZ512352.1|SARS-CoV-2|Lambda,Lambda
MZ512331.1|SARS-CoV-2|Lambda,Lambda
MZ716076.1|SARS-CoV-2|Lambda,Lambda
MZ233987.1|SARS-CoV-2|Lambda,Lambda
MZ512391.1|SARS-CoV-2|Lambda,Lambda
MZ271691.1|SARS-CoV-2|Lambda,Lambda
MW937855.1|SARS-CoV-2|Lambda,Lambda
MZ741715.1|SARS-CoV-2|Lambda,Lambda
MZ854551.1|SARS-CoV-2|Lambda,Lambda
MZ214950.1|SARS-CoV-2|Lambda,Lambda
MW713651.1|SARS-CoV-2|Lambda,Lambda
MZ317677.1|SARS-CoV-2|Lambda,Lambda
OL622102.1|SARS-CoV-2|Lambda,Lambda
MW871000.1|SARS-CoV-2|Lambda,Lambda
OM094989.1|SARS-CoV-2|Lambda,Lambda
MZ532853.1|SARS-CoV-2|Lambda,Lambda
MZ085124.1|SARS-CoV-2|Lambda,Lambda
MZ149882.1|SARS-CoV-2|Lambda,Lambda
MZ570685.1|SARS-CoV-2|Lambda,Lambda
MZ555427.1|SARS-CoV-2|Lambda,Lambda
MZ101076.1|SARS-CoV-2|Lambda,Lambda
ON226354.1|SARS-CoV-2|Omicron,Omicron
ON870277.1|SARS-CoV-2|Omicron,Omicron
OP313311.1|SARS-CoV-2|Omicron,Omicron
ON965912.1|SARS-CoV-2|Omicron,Omicron
ON305615.1|SARS-CoV-2|Omicron,Omicron
OM488792.1|SARS-CoV-2|Omicron,Omicron
ON313099.1|SARS-CoV-2|Omicron,Omicron
ON003928.1|SARS-CoV-2|Omicron,Omicron
ON888077.1|SARS-CoV-2|Omicron,Omicron
OP435029.1|SARS-CoV-2|Omicron,Omicron
ON927422.1|SARS-CoV-2|Omicron,Omicron
ON870025.1|SARS-CoV-2|Omicron,Omicron
OP123741.1|SARS-CoV-2|Omicron,Omicron
ON110752.1|SARS-CoV-2|Omicron,Omicron
ON800447.1|SARS-CoV-2|Omicron,Omicron
OM459346.1|SARS-CoV-2|Omicron,Omicron
OP313282.1|SARS-CoV-2|Omicron,Omicron
OP359668.1|SARS-CoV-2|Omicron,Omicron
ON110638.1|SARS-CoV-2|Omicron,Omicron
OM793998.1|SARS-CoV-2|Omicron,Omicron
ON870254.1|SARS-CoV-2|Omicron,Omicron
OP128959.1|SARS-CoV-2|Omicron,Omicron
OM812523.1|SARS-CoV-2|Omicron,Omicron
OX084256.1|SARS-CoV-2|Omicron,Omicron
OP465705.1|SARS-CoV-2|Omicron,Omicron
OM421092.1|SARS-CoV-2|Omicron,Omicron
OP051558.1|SARS-CoV-2|Omicron,Omicron
ON071549.1|SARS-CoV-2|Omicron,Omicron
OP556859.1|SARS-CoV-2|Omicron,Omicron
OP234301.1|SARS-CoV-2|Omicron,Omicron
OP234275.1|SARS-CoV-2|Omicron,Omicron
OP628966.1|SARS-CoV-2|Omicron,Omicron
OP129814.1|SARS-CoV-2|Omicron,Omicron
OP233960.1|SARS-CoV-2|Omicron,Omicron
ON470013.1|SARS-CoV-2|Omicron,Omicron
OM365178.1|SARS-CoV-2|Omicron,Omicron
ON887898.1|SARS-CoV-2|Omicron,Omicron
OP359655.1|SARS-CoV-2|Omicron,Omicron
OP323473.1|SARS-CoV-2|Omicron,Omicron
OP434922.1|SARS-CoV-2|Omicron,Omicron
OM510182.1|SARS-CoV-2|Omicron,Omicron
ON927586.1|SARS-CoV-2|Omicron,Omicron
OP052023.1|SARS-CoV-2|Omicron,Omicron
OP130122.1|SARS-CoV-2|Omicron,Omicron
ON208877.1|SARS-CoV-2|Omicron,Omicron
ON003850.1|SARS-CoV-2|Omicron,Alpha
ON721978.1|SARS-CoV-2|Omicron,Omicron
ON264291.1|SARS-CoV-2|Omicron,Omicron
OM904702.1|SARS-CoV-2|Omicron,Omicron
OP313375.1|SARS-CoV-2|Omicron,Omicron
OP313221.1|SARS-CoV-2|Omicron,Omicron
OM487540.1|SARS-CoV-2|Omicron,Omicron
ON927475.1|SARS-CoV-2|Omicron,Omicron
OM474804.1|SARS-CoV-2|Omicron,Omicron
OP129107.1|SARS-CoV-2|Omicron,Omicron
OP051836.1|SARS-CoV-2|Omicron,Omicron
ON794597.1|SARS-CoV-2|Omicron,Omicron
ON051721.1|SARS-CoV-2|Omicron,Omicron
ON110605.1|SARS-CoV-2|Omicron,Omicron
ON721873.1|SARS-CoV-2|Omicron,Omicron
ON988769.1|SARS-CoV-2|Omicron,Omicron
OM812490.1|SARS-CoV-2|Omicron,Omicron
ON305825.1|SARS-CoV-2|Omicron,Omicron
ON051684.1|SARS-CoV-2|Omicron,Omicron
OP419266.1|SARS-CoV-2|Omicron,Omicron
ON313032.1|SARS-CoV-2|Omicron,Omicron
ON787313.1|SARS-CoV-2|Omicron,Omicron
ON208876.1|SARS-CoV-2|Omicron,Omicron
ON787084.1|SARS-CoV-2|Omicron,Omicron
ON470025.1|SARS-CoV-2|Omicron,Omicron
ON888184.1|SARS-CoV-2|Omicron,Omicron
ON988948.1|SARS-CoV-2|Omicron,Omicron
OM615744.1|SARS-CoV-2|Omicron,Omicron
ON721826.1|SARS-CoV-2|Omicron,Omicron
OM488365.1|SARS-CoV-2|Omicron,Omicron
OP454789.1|SARS-CoV-2|Omicron,Omicron
ON870095.1|SARS-CoV-2|Omicron,Omicron
OP052255.1|SARS-CoV-2|Omicron,Omicron
ON470105.1|SARS-CoV-2|Omicron,Omicron
ON721879.1|SARS-CoV-2|Omicron,Omicron
ON870016.1|SARS-CoV-2|Omicron,Omicron
ON110597.1|SARS-CoV-2|Omicron,Omicron
OP051625.1|SARS-CoV-2|Omicron,Omicron
OP440834.1|SARS-CoV-2|Omicron,Omicron
ON071501.1|SARS-CoV-2|Omicron,Omicron
OP233357.1|SARS-CoV-2|Omicron,Omicron
ON263671.1|SARS-CoV-2|Omicron,Omicron
OM615630.1|SARS-CoV-2|Omicron,Omicron
OP359955.1|SARS-CoV-2|Omicron,Omicron
ON888128.1|SARS-CoV-2|Omicron,Omicron
OP052446.1|SARS-CoV-2|Omicron,Omicron
OP052495.1|SARS-CoV-2|Omicron,Omicron
OM459604.1|SARS-CoV-2|Omicron,Omicron
ON068816.1|SARS-CoV-2|Omicron,Omicron
OM264110.1|SARS-CoV-2|Omicron,Omicron
ON313038.1|SARS-CoV-2|Omicron,Omicron
OM245498.1|SARS-CoV-2|Omicron,Omicron
OM678355.1|SARS-CoV-2|Omicron,Omicron
ON800455.1|SARS-CoV-2|Omicron,Omicron
ON927768.1|SARS-CoV-2|Omicron,Omicron
ON794707.1|SARS-CoV-2|Omicron,Omicron
ON888175.1|SARS-CoV-2|Omicron,Omicron
ON787340.1|SARS-CoV-2|Omicron,Omicron
OM688766.1|SARS-CoV-2|Omicron,Omicron
OP359831.1|SARS-CoV-2|Omicron,Omicron
ON118616.1|SARS-CoV-2|Omicron,Omicron
OP313377.1|SARS-CoV-2|Omicron,Omicron
ON110592.1|SARS-CoV-2|Omicron,Lambda
ON305597.1|SARS-CoV-2|Omicron,Kappa
OP234237.1|SARS-CoV-2|Omicron,Omicron
ON118901.1|SARS-CoV-2|Omicron,Omicron
ON794638.1|SARS-CoV-2|Omicron,Omicron
ON470034.1|SARS-CoV-2|Omicron,Omicron
OP233632.1|SARS-CoV-2|Omicron,Omicron
OP359899.1|SARS-CoV-2|Omicron,Omicron
OP051737.1|SARS-CoV-2|Omicron,Omicron
ON094477.1|SARS-CoV-2|Omicron,Omicron
ON110615.1|SARS-CoV-2|Omicron,Omicron
ON787125.1|SARS-CoV-2|Omicron,Omicron
ON226340.1|SARS-CoV-2|Omicron,Omicron
ON870241.1|SARS-CoV-2|Omicron,Omicron
OP435139.1|SARS-CoV-2|Omicron,Omicron
ON094203.1|SARS-CoV-2|Omicron,Kappa
OP232029.1|SARS-CoV-2|Omicron,Omicron
OM360131.1|SARS-CoV-2|Omicron,Omicron
OP128540.1|SARS-CoV-2|Omicron,Omicron
ON470077.1|SARS-CoV-2|Omicron,Omicron
ON870004.1|SARS-CoV-2|Omicron,Omicron
ON794661.1|SARS-CoV-2|Omicron,Omicron
OP628795.1|SARS-CoV-2|Omicron,Omicron
OP128965.1|SARS-CoV-2|Omicron,Omicron
ON189896.1|SARS-CoV-2|Omicron,Omicron
OP454503.1|SARS-CoV-2|Omicron,Omicron
ON787370.1|SARS-CoV-2|Omicron,Omicron
OM995427.1|SARS-CoV-2|Omicron,Omicron
ON263809.1|SARS-CoV-2|Omicron,Omicron
OM812369.1|SARS-CoV-2|Omicron,Omicron
OM995481.1|SARS-CoV-2|Omicron,Omicron
OP419322.1|SARS-CoV-2|Omicron,Omicron
OP129879.1|SARS-CoV-2|Omicron,Omicron
ON071795.1|SARS-CoV-2|Omicron,Omicron
ON312676.1|SARS-CoV-2|Omicron,Omicron
ON305974.1|SARS-CoV-2|Omicron,Omicron
ON094153.1|SARS-CoV-2|Omicron,Omicron
ON787235.1|SARS-CoV-2|Omicron,Omicron
OM459205.1|SARS-CoV-2|Omicron,Omicron
ON787252.1|SARS-CoV-2|Omicron,Omicron
ON208953.1|SARS-CoV-2|Omicron,Omicron
ON794629.1|SARS-CoV-2|Omicron,Omicron
OP128996.1|SARS-CoV-2|Omicron,Omicron
OM419591.1|SARS-CoV-2|Omicron,Omicron
OM904911.1|SARS-CoV-2|Omicron,Omicron
OP313286.1|SARS-CoV-2|Omicron,Omicron
OM677995.1|SARS-CoV-2|Omicron,Omicron
OM678140.1|SARS-CoV-2|Omicron,Omicron
OP234177.1|SARS-CoV-2|Omicron,Omicron
OM488803.1|SARS-CoV-2|Omicron,Omicron
OP010674.1|SARS-CoV-2|Omicron,Omicron
OP052306.1|SARS-CoV-2|Omicron,Omicron
ON470083.1|SARS-CoV-2|Omicron,Omicron
OP313294.1|SARS-CoV-2|Omicron,Omicron
OP313425.1|SARS-CoV-2|Omicron,Omicron
ON887881.1|SARS-CoV-2|Omicron,Omicron
ON794531.1|SARS-CoV-2|Omicron,Omicron
ON118834.1|SARS-CoV-2|Omicron,Omicron
ON208944.1|SARS-CoV-2|Omicron,Omicron
ON052021.1|SARS-CoV-2|Omicron,Omicron
OP010830.1|SARS-CoV-2|Omicron,Omicron
ON927731.1|SARS-CoV-2|Omicron,Omicron
ON794695.1|SARS-CoV-2|Omicron,Omicron
ON794537.1|SARS-CoV-2|Omicron,Omicron
ON794720.1|SARS-CoV-2|Omicron,Omicron
ON071835.1|SARS-CoV-2|Omicron,Omicron
OW216218.1|SARS-CoV-2|Omicron,Omicron
OM263886.1|SARS-CoV-2|Omicron,Omicron
OP454706.1|SARS-CoV-2|Omicron,Omicron
OP551043.1|SARS-CoV-2|Omicron,Omicron
OP454725.1|SARS-CoV-2|Omicron,Omicron
ON470106.1|SARS-CoV-2|Omicron,Omicron
OP313257.1|SARS-CoV-2|Omicron,Omicron
OP183416.1|SARS-CoV-2|Omicron,Lambda
OM648895.1|SARS-CoV-2|Omicron,Kappa
ON051957.1|SARS-CoV-2|Omicron,Omicron
OM615743.1|SARS-CoV-2|Omicron,Omicron
ON019312.1|SARS-CoV-2|Omicron,Omicron
ON068751.1|SARS-CoV-2|Omicron,Omicron
OP234217.1|SARS-CoV-2|Omicron,Omicron
OP129400.1|SARS-CoV-2|Omicron,Omicron
OP234109.1|SARS-CoV-2|Omicron,Omicron
OP454578.1|SARS-CoV-2|Omicron,Omicron
ON512218.1|SARS-CoV-2|Omicron,Omicron
ON188714.1|SARS-CoV-2|Omicron,Omicron
OP183454.1|SARS-CoV-2|Omicron,Lambda
OP010304.1|SARS-CoV-2|Omicron,Omicron
OM904866.1|SARS-CoV-2|Omicron,Omicron
OP125122.1|SARS-CoV-2|Omicron,Omicron
ON051775.1|SARS-CoV-2|Omicron,Omicron
ON927651.1|SARS-CoV-2|Omicron,Omicron
ON966006.1|SARS-CoV-2|Omicron,Omicron
ON263904.1|SARS-CoV-2|Omicron,Omicron
ON208902.1|SARS-CoV-2|Omicron,Omicron
ON512191.1|SARS-CoV-2|Omicron,Omicron
ON888074.1|SARS-CoV-2|Omicron,Omicron
ON887909.1|SARS-CoV-2|Omicron,Omicron
ON888371.1|SARS-CoV-2|Omicron,Omicron
ON794701.1|SARS-CoV-2|Omicron,Omicron
OM615644.1|SARS-CoV-2|Omicron,Omicron
ON870066.1|SARS-CoV-2|Omicron,Omicron
OP234061.1|SARS-CoV-2|Omicron,Omicron
OP052331.1|SARS-CoV-2|Omicron,Omicron
ON927593.1|SARS-CoV-2|Omicron,Omicron
ON480469.1|SARS-CoV-2|Omicron,Omicron
OP051838.1|SARS-CoV-2|Omicron,Omicron
OP454620.1|SARS-CoV-2|Omicron,Omicron
ON264121.1|SARS-CoV-2|Omicron,Omicron
ON226320.1|SARS-CoV-2|Omicron,Omicron
OP129906.1|SARS-CoV-2|Omicron,Omicron
OP551001.1|SARS-CoV-2|Omicron,Omicron
ON003736.1|SARS-CoV-2|Omicron,Omicron
OP419311.1|SARS-CoV-2|Omicron,Omicron
OP628773.1|SARS-CoV-2|Omicron,Omicron
OM772718.1|SARS-CoV-2|Omicron,Omicron
OP052390.1|SARS-CoV-2|Omicron,Omicron
OM387608.1|SARS-CoV-2|Omicron,Omicron
OP313203.1|SARS-CoV-2|Omicron,Omicron
ON794529.1|SARS-CoV-2|Omicron,Omicron
OM263790.1|SARS-CoV-2|Omicron,Omicron
OM648646.1|SARS-CoV-2|Omicron,Omicron
ON208870.1|SARS-CoV-2|Omicron,Omicron
OP051968.1|SARS-CoV-2|Omicron,Omicron
OP233409.1|SARS-CoV-2|Omicron,Omicron
OM488659.1|SARS-CoV-2|Omicron,Omicron
OP129636.1|SARS-CoV-2|Omicron,Omicron
OP053193.1|SARS-CoV-2|Omicron,Omicron
ON071109.1|SARS-CoV-2|Omicron,Omicron
OM421200.1|SARS-CoV-2|Omicron,Omicron
OP052850.1|SARS-CoV-2|Omicron,Omicron
OM615484.1|SARS-CoV-2|Omicron,Omicron
OP231882.1|SARS-CoV-2|Omicron,Omicron
OP052479.1|SARS-CoV-2|Omicron,Omicron
OP313447.1|SARS-CoV-2|Omicron,Omicron
ON051758.1|SARS-CoV-2|Omicron,Omicron
OM904887.1|SARS-CoV-2|Omicron,Omicron
OP051726.1|SARS-CoV-2|Omicron,Omicron
OM678330.1|SARS-CoV-2|Omicron,Omicron
OP434918.1|SARS-CoV-2|Omicron,Omicron
OP440664.1|SARS-CoV-2|Omicron,Omicron
OM794138.1|SARS-CoV-2|Omicron,Omicron
ON787331.1|SARS-CoV-2|Omicron,Omicron
OM793982.1|SARS-CoV-2|Omicron,Omicron
